USC00116200,20180101,TMAX,-150,,,7,0500
USC00116200,20180101,TMIN,-278,,,7,0500
USC00116200,20180101,TOBS,-278,,,7,0500
USC00116200,20180101,PRCP,0,,,7,0500
USC00116200,20180101,SNOW,0,,,7,
USC00116200,20180101,SNWD,127,,,7,0500
USC00116200,20180102,TMAX,-167,,,7,0500
USC00116200,20180102,TMIN,-278,,,7,0500
USC00116200,20180102,TOBS,-244,,,7,0500
USC00116200,20180102,PRCP,0,,,7,0500
USC00116200,20180102,SNOW,0,,,7,
USC00116200,20180102,SNWD,127,,,7,0500
USC00116200,20180103,TMAX,-89,,,7,0500
USC00116200,20180103,TMIN,-250,,,7,0500
USC00116200,20180103,TOBS,-89,,,7,0500
USC00116200,20180103,PRCP,0,,,7,0500
USC00116200,20180103,SNOW,0,,,7,
USC00116200,20180103,SNWD,127,,,7,0500
USC00116200,20180104,TMAX,-72,,,7,0500
USC00116200,20180104,TMIN,-222,,,7,0500
USC00116200,20180104,TOBS,-222,,,7,0500
USC00116200,20180104,PRCP,0,T,,7,0500
USC00116200,20180104,SNOW,5,,,7,
USC00116200,20180104,SNWD,127,,,7,0500
USC00116200,20180105,TMAX,-128,,,7,0500
USC00116200,20180105,TMIN,-222,,,7,0500
USC00116200,20180105,TOBS,-144,,,7,0500
USC00116200,20180105,PRCP,0,,,7,0500
USC00116200,20180105,SNOW,0,,,7,
USC00116200,20180105,SNWD,102,,,7,0500
USC00116200,20180106,TMAX,-128,,,7,0500
USC00116200,20180106,TMIN,-244,,,7,0500
USC00116200,20180106,TOBS,-244,,,7,0500
USC00116200,20180106,PRCP,0,,,7,0500
USC00116200,20180106,SNOW,0,,,7,
USC00116200,20180106,SNWD,102,,,7,0500
USC00116200,20180107,TMAX,-67,,,7,0500
USC00116200,20180107,TMIN,-244,,,7,0500
USC00116200,20180107,TOBS,-67,,,7,0500
USC00116200,20180107,PRCP,0,,,7,0500
USC00116200,20180107,SNOW,0,,,7,
USC00116200,20180107,SNWD,102,,,7,0500
USC00116200,20180108,TMAX,22,,,7,0500
USC00116200,20180108,TMIN,-67,,,7,0500
USC00116200,20180108,TOBS,0,,,7,0500
USC00116200,20180108,PRCP,51,,,7,0500
USC00116200,20180108,SNOW,5,,,7,
USC00116200,20180108,SNWD,76,,,7,0500
USC00116200,20180109,TMAX,22,,,7,0500
USC00116200,20180109,TMIN,-39,,,7,0500
USC00116200,20180109,TOBS,-39,,,7,0500
USC00116200,20180109,PRCP,0,,,7,0500
USC00116200,20180109,SNOW,0,,,7,
USC00116200,20180109,SNWD,76,,,7,0500
USC00116200,20180109,WT01,1,,,7,
USC00116200,20180110,TMAX,33,,,7,0500
USC00116200,20180110,TMIN,-50,,,7,0500
USC00116200,20180110,TOBS,-50,,,7,0500
USC00116200,20180110,PRCP,0,T,,7,0500
USC00116200,20180110,SNOW,0,,,7,
USC00116200,20180110,SNWD,51,,,7,0500
USC00116200,20180110,WT01,1,,,7,
USC00116200,20180111,TMAX,128,,,7,0500
USC00116200,20180111,TMIN,-50,,,7,0500
USC00116200,20180111,TOBS,128,,,7,0500
USC00116200,20180111,PRCP,0,,,7,0500
USC00116200,20180111,SNOW,0,,,7,
USC00116200,20180111,SNWD,0,,,7,0500
USC00116200,20180111,WT01,1,,,7,
USC00116200,20180112,TMAX,150,,,7,0500
USC00116200,20180112,TMIN,-94,,,7,0500
USC00116200,20180112,TOBS,-94,,,7,0500
USC00116200,20180112,PRCP,13,,,7,0500
USC00116200,20180112,SNOW,0,,,7,
USC00116200,20180112,SNWD,0,,,7,0500
USC00116200,20180112,WT01,1,,,7,
USC00116200,20180113,TMAX,-44,,,7,0500
USC00116200,20180113,TMIN,-150,,,7,0500
USC00116200,20180113,TOBS,-150,,,7,0500
USC00116200,20180113,PRCP,0,,,7,0500
USC00116200,20180113,SNOW,0,,,7,
USC00116200,20180113,SNWD,0,,,7,0500
USC00116200,20180114,TMAX,-78,,,7,0500
USC00116200,20180114,TMIN,-183,,,7,0500
USC00116200,20180114,TOBS,-161,,,7,0500
USC00116200,20180114,PRCP,0,,,7,0500
USC00116200,20180114,SNOW,0,,,7,
USC00116200,20180114,SNWD,0,,,7,0500
USC00116200,20180115,TMAX,-67,,,7,0500
USC00116200,20180115,TMIN,-161,,,7,0500
USC00116200,20180115,TOBS,-67,,,7,0500
USC00116200,20180115,PRCP,43,,,7,0500
USC00116200,20180115,SNOW,102,,,7,
USC00116200,20180115,SNWD,102,,,7,0500
USC00116200,20180116,TMAX,-44,,,7,0500
USC00116200,20180116,TMIN,-200,,,7,0500
USC00116200,20180116,TOBS,-200,,,7,0500
USC00116200,20180116,PRCP,0,T,,7,0500
USC00116200,20180116,SNOW,0,,,7,
USC00116200,20180116,SNWD,102,,,7,0500
USC00116200,20180117,TMAX,-111,,,7,0500
USC00116200,20180117,TMIN,-200,,,7,0500
USC00116200,20180117,TOBS,-189,,,7,0500
USC00116200,20180117,PRCP,0,T,,7,0500
USC00116200,20180117,SNOW,0,,,7,
USC00116200,20180117,SNWD,102,,,7,0500
USC00116200,20180118,TMAX,-67,,,7,0500
USC00116200,20180118,TMIN,-189,,,7,0500
USC00116200,20180118,TOBS,-100,,,7,0500
USC00116200,20180118,PRCP,0,,,7,0500
USC00116200,20180118,SNOW,0,,,7,
USC00116200,20180118,SNWD,76,,,7,0500
USC00116200,20180119,TMAX,22,,,7,0500
USC00116200,20180119,TMIN,-111,,,7,0500
USC00116200,20180119,TOBS,-28,,,7,0500
USC00116200,20180119,PRCP,0,,,7,0500
USC00116200,20180119,SNOW,0,,,7,
USC00116200,20180119,SNWD,25,,,7,0500
USC00116200,20180120,TMAX,61,,,7,0500
USC00116200,20180120,TMIN,-56,,,7,0500
USC00116200,20180120,TOBS,11,,,7,0500
USC00116200,20180120,PRCP,0,,,7,0500
USC00116200,20180120,SNOW,0,,,7,
USC00116200,20180120,SNWD,0,,,7,0500
USC00116200,20180121,TMAX,72,,,7,0500
USC00116200,20180121,TMIN,0,,,7,0500
USC00116200,20180121,TOBS,0,,,7,0500
USC00116200,20180121,PRCP,0,,,7,0500
USC00116200,20180121,SNOW,0,,,7,
USC00116200,20180121,SNWD,0,,,7,0500
USC00116200,20180122,TMAX,122,,,7,0500
USC00116200,20180122,TMIN,0,,,7,0500
USC00116200,20180122,TOBS,111,,,7,0500
USC00116200,20180122,PRCP,61,,,7,0500
USC00116200,20180122,SNOW,0,,,7,
USC00116200,20180122,SNWD,0,,,7,0500
USC00116200,20180122,WT01,1,,,7,
USC00116200,20180123,TMAX,144,,,7,0500
USC00116200,20180123,TMIN,6,,,7,0500
USC00116200,20180123,TOBS,6,,,7,0500
USC00116200,20180123,PRCP,30,,,7,0500
USC00116200,20180123,SNOW,0,,,7,
USC00116200,20180123,SNWD,0,,,7,0500
USC00116200,20180123,WT01,1,,,7,
USC00116200,20180124,TMAX,33,,,7,0500
USC00116200,20180124,TMIN,-50,,,7,0500
USC00116200,20180124,TOBS,-44,,,7,0500
USC00116200,20180124,PRCP,0,T,,7,0500
USC00116200,20180124,SNOW,0,,,7,
USC00116200,20180124,SNWD,0,,,7,0500
USC00116200,20180125,TMAX,-6,,,7,0500
USC00116200,20180125,TMIN,-56,,,7,0500
USC00116200,20180125,TOBS,-28,,,7,0500
USC00116200,20180125,PRCP,0,,,7,0500
USC00116200,20180125,SNOW,0,,,7,
USC00116200,20180125,SNWD,0,,,7,0500
USC00116200,20180126,TMAX,100,,,7,0500
USC00116200,20180126,TMIN,-28,,,7,0500
USC00116200,20180126,TOBS,44,,,7,0500
USC00116200,20180126,PRCP,0,,,7,0500
USC00116200,20180126,SNOW,0,,,7,
USC00116200,20180126,SNWD,0,,,7,0500
USC00116200,20180127,TMAX,111,,,7,0500
USC00116200,20180127,TMIN,44,,,7,0500
USC00116200,20180127,TOBS,83,,,7,0500
USC00116200,20180127,PRCP,0,,,7,0500
USC00116200,20180127,SNOW,0,,,7,
USC00116200,20180127,SNWD,0,,,7,0500
USC00116200,20180128,TMAX,111,,,7,0500
USC00116200,20180128,TMIN,-28,,,7,0500
USC00116200,20180128,TOBS,-28,,,7,0500
USC00116200,20180128,PRCP,0,,,7,0500
USC00116200,20180128,SNOW,0,,,7,
USC00116200,20180128,SNWD,0,,,7,0500
USC00116200,20180129,TMAX,111,,,7,0500
USC00116200,20180129,TMIN,-33,,,7,0500
USC00116200,20180129,TOBS,-33,,,7,0500
USC00116200,20180129,PRCP,0,T,,7,0500
USC00116200,20180129,SNOW,0,T,,7,
USC00116200,20180129,SNWD,0,T,,7,0500
USC00116200,20180130,TMAX,-22,,,7,0500
USC00116200,20180130,TMIN,-128,,,7,0500
USC00116200,20180130,TOBS,-128,,,7,0500
USC00116200,20180130,PRCP,0,T,,7,0500
USC00116200,20180130,SNOW,0,T,,7,
USC00116200,20180130,SNWD,0,,,7,0500
USC00116200,20180131,TMAX,11,,,7,0500
USC00116200,20180131,TMIN,-128,,,7,0500
USC00116200,20180131,TOBS,11,,,7,0500
USC00116200,20180131,PRCP,0,,,7,0500
USC00116200,20180131,SNOW,0,,,7,
USC00116200,20180131,SNWD,0,,,7,0500
USC00116200,20180201,TMAX,67,,,7,0500
USC00116200,20180201,TMIN,0,,,7,0500
USC00116200,20180201,TOBS,0,,,7,0500
USC00116200,20180201,PRCP,0,,,7,0500
USC00116200,20180201,SNOW,0,,,7,
USC00116200,20180201,SNWD,0,,,7,0500
USC00116200,20180202,TMAX,11,,,7,0500
USC00116200,20180202,TMIN,-156,,,7,0500
USC00116200,20180202,TOBS,-156,,,7,0500
USC00116200,20180202,PRCP,0,,,7,0500
USC00116200,20180202,SNOW,0,,,7,
USC00116200,20180202,SNWD,0,,,7,0500
USC00116200,20180203,TMAX,-39,,,7,0500
USC00116200,20180203,TMIN,-156,,,7,0500
USC00116200,20180203,TOBS,-39,,,7,0500
USC00116200,20180203,PRCP,0,,,7,0500
USC00116200,20180203,SNOW,0,,,7,
USC00116200,20180203,SNWD,0,,,7,0500
USC00116200,20180204,TMAX,56,,,7,0500
USC00116200,20180204,TMIN,-39,,,7,0500
USC00116200,20180204,TOBS,-39,,,7,0500
USC00116200,20180204,PRCP,13,,,7,0500
USC00116200,20180204,SNOW,13,,,7,
USC00116200,20180204,SNWD,0,,,7,0500
USC00116200,20180205,TMAX,-33,,,7,0500
USC00116200,20180205,TMIN,-194,,,7,0500
USC00116200,20180205,TOBS,-194,,,7,0500
USC00116200,20180205,PRCP,13,,,7,0500
USC00116200,20180205,SNOW,13,,,7,
USC00116200,20180205,SNWD,25,,,7,0500
USC00116200,20180206,TMAX,-83,,,7,0500
USC00116200,20180206,TMIN,-206,,,7,0500
USC00116200,20180206,TOBS,-156,,,7,0500
USC00116200,20180206,PRCP,48,,,7,0500
USC00116200,20180206,SNOW,102,,,7,
USC00116200,20180206,SNWD,127,,,7,0500
USC00116200,20180207,TMAX,-100,,,7,0500
USC00116200,20180207,TMIN,-200,,,7,0500
USC00116200,20180207,TOBS,-122,,,7,0500
USC00116200,20180207,PRCP,0,,,7,0500
USC00116200,20180207,SNOW,0,,,7,
USC00116200,20180207,SNWD,127,,,7,0500
USC00116200,20180208,TMAX,-44,,,7,0500
USC00116200,20180208,TMIN,-150,,,7,0500
USC00116200,20180208,TOBS,-117,,,7,0500
USC00116200,20180208,PRCP,0,T,,7,0500
USC00116200,20180208,SNOW,0,T,,7,
USC00116200,20180208,SNWD,127,,,7,0500
USC00116200,20180209,TMAX,17,,,7,0500
USC00116200,20180209,TMIN,-117,,,7,0500
USC00116200,20180209,TOBS,17,,,7,0500
USC00116200,20180209,PRCP,0,,,7,0500
USC00116200,20180209,SNOW,0,,,7,
USC00116200,20180209,SNWD,102,,,7,0500
USC00116200,20180210,TMAX,44,,,7,0500
USC00116200,20180210,TMIN,-111,,,7,0500
USC00116200,20180210,TOBS,-111,,,7,0500
USC00116200,20180210,PRCP,0,T,,7,0500
USC00116200,20180210,SNOW,0,T,,7,
USC00116200,20180210,SNWD,51,,,7,0500
USC00116200,20180211,TMAX,-44,,,7,0500
USC00116200,20180211,TMIN,-111,,,7,0500
USC00116200,20180211,TOBS,-94,,,7,0500
USC00116200,20180211,PRCP,30,,,7,0500
USC00116200,20180211,SNOW,18,,,7,
USC00116200,20180211,SNWD,76,,,7,0500
USC00116200,20180212,TMAX,-44,,,7,0500
USC00116200,20180212,TMIN,-161,,,7,0500
USC00116200,20180212,TOBS,-161,,,7,0500
USC00116200,20180212,PRCP,0,,,7,0500
USC00116200,20180212,SNOW,0,,,7,
USC00116200,20180212,SNWD,76,,,7,0500
USC00116200,20180213,TMAX,-33,,,7,0500
USC00116200,20180213,TMIN,-189,,,7,0500
USC00116200,20180213,TOBS,-144,,,7,0500
USC00116200,20180213,PRCP,0,,,7,0500
USC00116200,20180213,SNOW,0,,,7,
USC00116200,20180213,SNWD,51,,,7,0500
USC00116200,20180214,TMAX,44,,,7,0500
USC00116200,20180214,TMIN,-144,,,7,0500
USC00116200,20180214,TOBS,11,,,7,0500
USC00116200,20180214,PRCP,0,,,7,0500
USC00116200,20180214,SNOW,0,,,7,
USC00116200,20180214,SNWD,51,,,7,0500
USC00116200,20180215,TMAX,100,,,7,0500
USC00116200,20180215,TMIN,11,,,7,0500
USC00116200,20180215,TOBS,94,,,7,0500
USC00116200,20180215,PRCP,0,,,7,0500
USC00116200,20180215,SNOW,0,,,7,
USC00116200,20180215,SNWD,0,,,7,0500
USC00116200,20180215,WT01,1,,,7,
USC00116200,20180216,TMAX,156,,,7,0500
USC00116200,20180216,TMIN,11,,,7,0500
USC00116200,20180216,TOBS,11,,,7,0500
USC00116200,20180216,PRCP,0,T,,7,0500
USC00116200,20180216,SNOW,0,,,7,
USC00116200,20180216,SNWD,0,,,7,0500
USC00116200,20180216,WT01,1,,,7,
USC00116200,20180217,TMAX,28,,,7,0500
USC00116200,20180217,TMIN,-67,,,7,0500
USC00116200,20180217,TOBS,-39,,,7,0500
USC00116200,20180217,PRCP,0,,,7,0500
USC00116200,20180217,SNOW,0,,,7,
USC00116200,20180217,SNWD,0,,,7,0500
USC00116200,20180218,TMAX,17,,,7,0500
USC00116200,20180218,TMIN,-94,,,7,0500
USC00116200,20180218,TOBS,-22,,,7,0500
USC00116200,20180218,PRCP,25,,,7,0500
USC00116200,20180218,SNOW,25,,,7,
USC00116200,20180218,SNWD,25,,,7,0500
USC00116200,20180219,TMAX,83,,,7,0500
USC00116200,20180219,TMIN,-33,,,7,0500
USC00116200,20180219,TOBS,83,,,7,0500
USC00116200,20180219,PRCP,51,,,7,0500
USC00116200,20180219,SNOW,0,,,7,
USC00116200,20180219,SNWD,0,,,7,0500
USC00116200,20180219,WT01,1,,,7,
USC00116200,20180220,TMAX,178,,,7,0500
USC00116200,20180220,TMIN,83,,,7,0500
USC00116200,20180220,TOBS,156,,,7,0500
USC00116200,20180220,PRCP,447,,,7,0500
USC00116200,20180220,SNOW,0,,,7,
USC00116200,20180220,SNWD,0,,,7,0500
USC00116200,20180220,WT01,1,,,7,
USC00116200,20180220,WT03,1,,,7,
USC00116200,20180221,TMAX,183,,,7,0500
USC00116200,20180221,TMIN,-22,,,7,0500
USC00116200,20180221,TOBS,-22,,,7,0500
USC00116200,20180221,PRCP,373,,,7,0500
USC00116200,20180221,SNOW,0,,,7,
USC00116200,20180221,SNWD,0,,,7,0500
USC00116200,20180221,WT01,1,,,7,
USC00116200,20180221,WT03,1,,,7,
USC00116200,20180221,WT06,1,,,7,
USC00116200,20180222,TMAX,-6,,,7,0500
USC00116200,20180222,TMIN,-33,,,7,0500
USC00116200,20180222,TOBS,-6,,,7,0500
USC00116200,20180222,PRCP,0,,,7,0500
USC00116200,20180222,SNOW,0,,,7,
USC00116200,20180222,SNWD,0,,,7,0500
USC00116200,20180223,TMAX,61,,,7,0500
USC00116200,20180223,TMIN,-6,,,7,0500
USC00116200,20180223,TOBS,61,,,7,0500
USC00116200,20180223,PRCP,30,,,7,0500
USC00116200,20180223,SNOW,0,,,7,
USC00116200,20180223,SNWD,0,,,7,0500
USC00116200,20180223,WT01,1,,,7,
USC00116200,20180224,TMAX,78,,,7,0500
USC00116200,20180224,TMIN,6,,,7,0500
USC00116200,20180224,TOBS,17,,,7,0500
USC00116200,20180224,PRCP,18,,,7,0500
USC00116200,20180224,SNOW,0,,,7,
USC00116200,20180224,SNWD,0,,,7,0500
USC00116200,20180224,WT01,1,,,7,
USC00116200,20180225,TMAX,106,,,7,0500
USC00116200,20180225,TMIN,0,,,7,0500
USC00116200,20180225,TOBS,0,,,7,0500
USC00116200,20180225,PRCP,76,,,7,0500
USC00116200,20180225,SNOW,0,,,7,
USC00116200,20180225,SNWD,0,,,7,0500
USC00116200,20180226,TMAX,78,,,7,0500
USC00116200,20180226,TMIN,-22,,,7,0500
USC00116200,20180226,TOBS,-17,,,7,0500
USC00116200,20180226,PRCP,0,,,7,0500
USC00116200,20180226,SNOW,0,,,7,
USC00116200,20180226,SNWD,0,,,7,0500
USC00116200,20180227,TMAX,139,,,7,0500
USC00116200,20180227,TMIN,-17,,,7,0500
USC00116200,20180227,TOBS,33,,,7,0500
USC00116200,20180227,PRCP,0,,,7,0500
USC00116200,20180227,SNOW,0,,,7,
USC00116200,20180227,SNWD,0,,,7,0500
USC00116200,20180228,TMAX,178,,,7,0500
USC00116200,20180228,TMIN,33,,,7,0500
USC00116200,20180228,TOBS,100,,,7,0500
USC00116200,20180228,PRCP,13,,,7,0500
USC00116200,20180228,SNOW,0,,,7,
USC00116200,20180228,SNWD,0,,,7,0500
USC00116200,20180301,TMAX,133,,,7,0500
USC00116200,20180301,TMIN,50,,,7,0500
USC00116200,20180301,TOBS,50,,,7,0500
USC00116200,20180301,PRCP,71,,,7,0500
USC00116200,20180301,SNOW,0,,,7,
USC00116200,20180301,SNWD,0,,,7,0500
USC00116200,20180301,WT01,1,,,7,
USC00116200,20180302,TMAX,67,,,7,0500
USC00116200,20180302,TMIN,-22,,,7,0500
USC00116200,20180302,TOBS,-22,,,7,0500
USC00116200,20180302,PRCP,114,,,7,0500
USC00116200,20180302,SNOW,0,,,7,
USC00116200,20180302,SNWD,0,,,7,0500
USC00116200,20180302,WT01,1,,,7,
USC00116200,20180303,TMAX,100,,,7,0500
USC00116200,20180303,TMIN,-44,,,7,0500
USC00116200,20180303,TOBS,-39,,,7,0500
USC00116200,20180303,PRCP,0,,,7,0500
USC00116200,20180303,SNOW,0,,,7,
USC00116200,20180303,SNWD,0,,,7,0500
USC00116200,20180304,TMAX,111,,,7,0500
USC00116200,20180304,TMIN,-39,,,7,0500
USC00116200,20180304,TOBS,-6,,,7,0500
USC00116200,20180304,PRCP,0,,,7,0500
USC00116200,20180304,SNOW,0,,,7,
USC00116200,20180304,SNWD,0,,,7,0500
USC00116200,20180305,TMAX,111,,,7,0500
USC00116200,20180305,TMIN,-17,,,7,0500
USC00116200,20180305,TOBS,11,,,7,0500
USC00116200,20180305,PRCP,0,,,7,0500
USC00116200,20180305,SNOW,0,,,7,
USC00116200,20180305,SNWD,0,,,7,0500
USC00116200,20180306,TMAX,44,,,7,0500
USC00116200,20180306,TMIN,-17,,,7,0500
USC00116200,20180306,TOBS,-11,,,7,0500
USC00116200,20180306,PRCP,64,,,7,0500
USC00116200,20180306,SNOW,0,,,7,
USC00116200,20180306,SNWD,0,,,7,0500
USC00116200,20180307,TMAX,44,,,7,0500
USC00116200,20180307,TMIN,-22,,,7,0500
USC00116200,20180307,TOBS,-11,,,7,0500
USC00116200,20180307,PRCP,10,,,7,0500
USC00116200,20180307,SNOW,13,,,7,
USC00116200,20180307,SNWD,0,,,7,0500
USC00116200,20180307,WT04,1,,,7,
USC00116200,20180308,TMAX,17,,,7,0500
USC00116200,20180308,TMIN,-67,,,7,0500
USC00116200,20180308,TOBS,-67,,,7,0500
USC00116200,20180308,PRCP,0,T,,7,0500
USC00116200,20180308,SNOW,0,,,7,
USC00116200,20180308,SNWD,0,,,7,0500
USC00116200,20180309,TMAX,28,,,7,0500
USC00116200,20180309,TMIN,-78,,,7,0500
USC00116200,20180309,TOBS,-67,,,7,0500
USC00116200,20180309,PRCP,0,,,7,0500
USC00116200,20180309,SNOW,0,,,7,
USC00116200,20180309,SNWD,0,,,7,0500
USC00116200,20180310,TMAX,67,,,7,0500
USC00116200,20180310,TMIN,-78,,,7,0500
USC00116200,20180310,TOBS,-56,,,7,0500
USC00116200,20180310,PRCP,0,,,7,0500
USC00116200,20180310,SNOW,0,,,7,
USC00116200,20180310,SNWD,0,,,7,0500
USC00116200,20180311,TMAX,78,,,7,0500
USC00116200,20180311,TMIN,-56,,,7,0500
USC00116200,20180311,TOBS,6,,,7,0500
USC00116200,20180311,PRCP,0,,,7,0500
USC00116200,20180311,SNOW,0,,,7,
USC00116200,20180311,SNWD,0,,,7,0500
USC00116200,20180312,TMAX,67,,,7,0500
USC00116200,20180312,TMIN,-50,,,7,0500
USC00116200,20180312,TOBS,-6,,,7,0500
USC00116200,20180312,PRCP,0,,,7,0500
USC00116200,20180312,SNOW,0,,,7,
USC00116200,20180312,SNWD,0,,,7,0500
USC00116200,20180313,TMAX,72,,,7,0500
USC00116200,20180313,TMIN,-39,,,7,0500
USC00116200,20180313,TOBS,-39,,,7,0500
USC00116200,20180313,PRCP,0,,,7,0500
USC00116200,20180313,SNOW,0,,,7,
USC00116200,20180313,SNWD,0,,,7,0500
USC00116200,20180314,TMAX,28,,,7,0500
USC00116200,20180314,TMIN,-78,,,7,0500
USC00116200,20180314,TOBS,-78,,,7,0500
USC00116200,20180314,PRCP,0,,,7,0500
USC00116200,20180314,SNOW,0,,,7,
USC00116200,20180314,SNWD,0,,,7,0500
USC00116200,20180315,TMAX,89,,,7,0500
USC00116200,20180315,TMIN,-78,,,7,0500
USC00116200,20180315,TOBS,-11,,,7,0500
USC00116200,20180315,PRCP,0,,,7,0500
USC00116200,20180315,SNOW,0,,,7,
USC00116200,20180315,SNWD,0,,,7,0500
USC00116200,20180316,TMAX,128,,,7,0500
USC00116200,20180316,TMIN,-50,,,7,0500
USC00116200,20180316,TOBS,-50,,,7,0500
USC00116200,20180316,PRCP,0,,,7,0500
USC00116200,20180316,SNOW,0,,,7,
USC00116200,20180316,SNWD,0,,,7,0500
USC00116200,20180317,TMAX,67,,,7,0500
USC00116200,20180317,TMIN,-50,,,7,0500
USC00116200,20180317,TOBS,0,,,7,0500
USC00116200,20180317,PRCP,122,,,7,0500
USC00116200,20180317,SNOW,0,,,7,
USC00116200,20180317,SNWD,0,,,7,0500
USC00116200,20180318,TMAX,22,,,7,0500
USC00116200,20180318,TMIN,-56,,,7,0500
USC00116200,20180318,TOBS,-56,,,7,0500
USC00116200,20180318,PRCP,23,,,7,0500
USC00116200,20180318,SNOW,0,,,7,
USC00116200,20180318,SNWD,0,,,7,0500
USC00116200,20180318,WT01,1,,,7,
USC00116200,20180319,TMAX,128,,,7,0500
USC00116200,20180319,TMIN,-56,,,7,0500
USC00116200,20180319,TOBS,-6,,,7,0500
USC00116200,20180319,PRCP,0,,,7,0500
USC00116200,20180319,SNOW,0,,,7,
USC00116200,20180319,SNWD,0,,,7,0500
USC00116200,20180320,TMAX,122,,,7,0500
USC00116200,20180320,TMIN,-22,,,7,0500
USC00116200,20180320,TOBS,-22,,,7,0500
USC00116200,20180320,PRCP,0,,,7,0500
USC00116200,20180320,SNOW,0,,,7,
USC00116200,20180320,SNWD,0,,,7,0500
USC00116200,20180321,TMAX,56,,,7,0500
USC00116200,20180321,TMIN,-39,,,7,0500
USC00116200,20180321,TOBS,-39,,,7,0500
USC00116200,20180321,PRCP,0,,,7,0500
USC00116200,20180321,SNOW,0,,,7,
USC00116200,20180321,SNWD,0,,,7,0500
USC00116200,20180322,TMAX,61,,,7,0500
USC00116200,20180322,TMIN,-39,,,7,0500
USC00116200,20180322,TOBS,-39,,,7,0500
USC00116200,20180322,PRCP,0,,,7,0500
USC00116200,20180322,SNOW,0,,,7,
USC00116200,20180322,SNWD,0,,,7,0500
USC00116200,20180323,TMAX,117,,,7,0500
USC00116200,20180323,TMIN,-61,,,7,0500
USC00116200,20180323,TOBS,-11,,,7,0500
USC00116200,20180323,PRCP,0,,,7,0500
USC00116200,20180323,SNOW,0,,,7,
USC00116200,20180323,SNWD,0,,,7,0500
USC00116200,20180324,TMAX,117,,,7,0500
USC00116200,20180324,TMIN,-11,,,7,0500
USC00116200,20180324,TOBS,0,,,7,0500
USC00116200,20180324,PRCP,114,,,7,0500
USC00116200,20180324,SNOW,102,,,7,
USC00116200,20180324,SNWD,102,,,7,0500
USC00116200,20180325,TMAX,11,,,7,0500
USC00116200,20180325,TMIN,-50,,,7,0500
USC00116200,20180325,TOBS,-50,,,7,0500
USC00116200,20180325,PRCP,79,,,7,0500
USC00116200,20180325,SNOW,102,,,7,
USC00116200,20180325,SNWD,203,,,7,0500
USC00116200,20180325,WT04,1,,,7,
USC00116200,20180325,WT05,1,,,7,
USC00116200,20180325,WT06,1,,,7,
USC00116200,20180326,TMAX,50,,,7,0500
USC00116200,20180326,TMIN,-67,,,7,0500
USC00116200,20180326,TOBS,-39,,,7,0500
USC00116200,20180326,PRCP,0,,,7,0500
USC00116200,20180326,SNOW,0,,,7,
USC00116200,20180326,SNWD,127,,,7,0500
USC00116200,20180327,TMAX,100,,,7,0500
USC00116200,20180327,TMIN,-50,,,7,0500
USC00116200,20180327,TOBS,100,,,7,0500
USC00116200,20180327,PRCP,163,,,7,0500
USC00116200,20180327,SNOW,0,,,7,
USC00116200,20180327,SNWD,0,,,7,0500
USC00116200,20180327,WT01,1,,,7,
USC00116200,20180328,TMAX,111,,,7,0500
USC00116200,20180328,TMIN,11,,,7,0500
USC00116200,20180328,TOBS,11,,,7,0500
USC00116200,20180328,PRCP,30,,,7,0500
USC00116200,20180328,SNOW,0,,,7,
USC00116200,20180328,SNWD,0,,,7,0500
USC00116200,20180328,WT01,1,,,7,
USC00116200,20180329,TMAX,111,,,7,0500
USC00116200,20180329,TMIN,11,,,7,0500
USC00116200,20180329,TOBS,61,,,7,0500
USC00116200,20180329,PRCP,25,,,7,0500
USC00116200,20180329,SNOW,0,,,7,
USC00116200,20180329,SNWD,0,,,7,0500
USC00116200,20180329,WT01,1,,,7,
USC00116200,20180330,TMAX,100,,,7,0500
USC00116200,20180330,TMIN,11,,,7,0500
USC00116200,20180330,TOBS,11,,,7,0500
USC00116200,20180330,PRCP,0,T,,7,0500
USC00116200,20180330,SNOW,0,,,7,
USC00116200,20180330,SNWD,0,,,7,0500
USC00116200,20180331,TMAX,100,,,7,0500
USC00116200,20180331,TMIN,11,,,7,0500
USC00116200,20180331,TOBS,56,,,7,0500
USC00116200,20180331,PRCP,0,T,,7,0500
USC00116200,20180331,SNOW,0,,,7,
USC00116200,20180331,SNWD,0,,,7,0500
USC00116200,20180401,TMAX,156,,,7,0500
USC00116200,20180401,TMIN,-44,,,7,0500
USC00116200,20180401,TOBS,-44,,,7,0500
USC00116200,20180401,PRCP,0,T,,7,0500
USC00116200,20180401,SNOW,0,,,7,
USC00116200,20180401,SNWD,0,,,7,0500
USC00116200,20180402,TMAX,0,,,7,0500
USC00116200,20180402,TMIN,-150,,,7,0500
USC00116200,20180402,TOBS,-150,,,7,0500
USC00116200,20180402,PRCP,38,,,7,0500
USC00116200,20180402,SNOW,76,,,7,
USC00116200,20180402,SNWD,76,,,7,0500
USC00116200,20180402,WT01,1,,,7,
USC00116200,20180403,TMAX,44,,,7,0500
USC00116200,20180403,TMIN,-150,,,7,0500
USC00116200,20180403,TOBS,44,,,7,0500
USC00116200,20180403,PRCP,18,,,7,0500
USC00116200,20180403,SNOW,0,,,7,
USC00116200,20180403,SNWD,0,,,7,0500
USC00116200,20180404,TMAX,83,,,7,0500
USC00116200,20180404,TMIN,-39,,,7,0500
USC00116200,20180404,TOBS,-39,,,7,0500
USC00116200,20180404,PRCP,38,,,7,0500
USC00116200,20180404,SNOW,0,,,7,
USC00116200,20180404,SNWD,0,,,7,0500
USC00116200,20180404,WT01,1,,,7,
USC00116200,20180404,WT03,1,,,7,
USC00116200,20180405,TMAX,22,,,7,0500
USC00116200,20180405,TMIN,-39,,,7,0500
USC00116200,20180405,TOBS,-22,,,7,0500
USC00116200,20180405,PRCP,0,,,7,0500
USC00116200,20180405,SNOW,0,,,7,
USC00116200,20180405,SNWD,0,,,7,0500
USC00116200,20180406,TMAX,94,,,7,0500
USC00116200,20180406,TMIN,-39,,,7,0500
USC00116200,20180406,TOBS,22,,,7,0500
USC00116200,20180406,PRCP,10,,,7,0500
USC00116200,20180406,SNOW,0,,,7,
USC00116200,20180406,SNWD,0,,,7,0500
USC00116200,20180407,TMAX,39,,,7,0500
USC00116200,20180407,TMIN,-78,,,7,0500
USC00116200,20180407,TOBS,-78,,,7,0500
USC00116200,20180407,PRCP,0,,,7,0500
USC00116200,20180407,SNOW,0,,,7,
USC00116200,20180407,SNWD,0,,,7,0500
USC00116200,20180408,TMAX,33,,,7,0500
USC00116200,20180408,TMIN,-78,,,7,0500
USC00116200,20180408,TOBS,-72,,,7,0500
USC00116200,20180408,PRCP,0,,,7,0500
USC00116200,20180408,SNOW,0,,,7,
USC00116200,20180408,SNWD,0,,,7,0500
USC00116200,20180409,TMAX,56,,,7,0500
USC00116200,20180409,TMIN,-78,,,7,0500
USC00116200,20180409,TOBS,-11,,,7,0500
USC00116200,20180409,PRCP,30,,,7,0500
USC00116200,20180409,SNOW,51,,,7,
USC00116200,20180409,SNWD,51,,,7,0500
USC00116200,20180409,WT01,1,,,7,
USC00116200,20180410,TMAX,56,,,7,0500
USC00116200,20180410,TMIN,-28,,,7,0500
USC00116200,20180410,TOBS,-22,,,7,0500
USC00116200,20180410,PRCP,0,,,7,0500
USC00116200,20180410,SNOW,0,,,7,
USC00116200,20180410,SNWD,0,,,7,0500
USC00116200,20180411,TMAX,83,,,7,0500
USC00116200,20180411,TMIN,-22,,,7,0500
USC00116200,20180411,TOBS,28,,,7,0500
USC00116200,20180411,PRCP,0,,,7,0500
USC00116200,20180411,SNOW,0,,,7,
USC00116200,20180411,SNWD,0,,,7,0500
USC00116200,20180412,TMAX,194,,,7,0500
USC00116200,20180412,TMIN,22,,,7,0500
USC00116200,20180412,TOBS,128,,,7,0500
USC00116200,20180412,PRCP,0,,,7,0500
USC00116200,20180412,SNOW,0,,,7,
USC00116200,20180412,SNWD,0,,,7,0500
USC00116200,20180413,TMAX,256,,,7,0500
USC00116200,20180413,TMIN,122,,,7,0500
USC00116200,20180413,TOBS,144,,,7,0500
USC00116200,20180413,PRCP,0,,,7,0500
USC00116200,20180413,SNOW,0,,,7,
USC00116200,20180413,SNWD,0,,,7,0500
USC00116200,20180414,TMAX,211,,,7,0500
USC00116200,20180414,TMIN,56,,,7,0500
USC00116200,20180414,TOBS,56,,,7,0500
USC00116200,20180414,PRCP,152,,,7,0500
USC00116200,20180414,SNOW,0,,,7,
USC00116200,20180414,SNWD,0,,,7,0500
USC00116200,20180414,WT01,1,,,7,
USC00116200,20180415,TMAX,89,,,7,0500
USC00116200,20180415,TMIN,44,,,7,0500
USC00116200,20180415,TOBS,44,,,7,0500
USC00116200,20180415,PRCP,71,,,7,0500
USC00116200,20180415,SNOW,0,,,7,
USC00116200,20180415,SNWD,0,,,7,0500
USC00116200,20180415,WT01,1,,,7,
USC00116200,20180416,TMAX,67,,,7,0500
USC00116200,20180416,TMIN,-22,,,7,0500
USC00116200,20180416,TOBS,-22,,,7,0500
USC00116200,20180416,PRCP,18,,,7,0500
USC00116200,20180416,SNOW,3,,,7,
USC00116200,20180416,SNWD,0,,,7,0500
USC00116200,20180417,TMAX,33,,,7,0500
USC00116200,20180417,TMIN,-28,,,7,0500
USC00116200,20180417,TOBS,-28,,,7,0500
USC00116200,20180417,PRCP,0,T,,7,0500
USC00116200,20180417,SNOW,0,,,7,
USC00116200,20180417,SNWD,0,,,7,0500
USC00116200,20180418,TMAX,89,,,7,0500
USC00116200,20180418,TMIN,-28,,,7,0500
USC00116200,20180418,TOBS,-11,,,7,0500
USC00116200,20180418,PRCP,0,,,7,0500
USC00116200,20180418,SNOW,0,,,7,
USC00116200,20180418,SNWD,0,,,7,0500
USC00116200,20180419,TMAX,78,,,7,0500
USC00116200,20180419,TMIN,-11,,,7,0500
USC00116200,20180419,TOBS,17,,,7,0500
USC00116200,20180419,PRCP,0,T,,7,0500
USC00116200,20180419,SNOW,0,,,7,
USC00116200,20180419,SNWD,0,,,7,0500
USC00116200,20180420,TMAX,117,,,7,0500
USC00116200,20180420,TMIN,-39,,,7,0500
USC00116200,20180420,TOBS,-39,,,7,0500
USC00116200,20180420,PRCP,0,,,7,0500
USC00116200,20180420,SNOW,0,,,7,
USC00116200,20180420,SNWD,0,,,7,0500
USC00116200,20180421,TMAX,172,,,7,0500
USC00116200,20180421,TMIN,-50,,,7,0500
USC00116200,20180421,TOBS,33,,,7,0500
USC00116200,20180421,PRCP,0,,,7,0500
USC00116200,20180421,SNOW,0,,,7,
USC00116200,20180421,SNWD,0,,,7,0500
USC00116200,20180422,TMAX,144,,,7,0500
USC00116200,20180422,TMIN,33,,,7,0500
USC00116200,20180422,TOBS,67,,,7,0500
USC00116200,20180422,PRCP,0,,,7,0500
USC00116200,20180422,SNOW,0,,,7,
USC00116200,20180422,SNWD,0,,,7,0500
USC00116200,20180423,TMAX,194,,,7,0500
USC00116200,20180423,TMIN,44,,,7,0500
USC00116200,20180423,TOBS,67,,,7,0500
USC00116200,20180423,PRCP,0,,,7,0500
USC00116200,20180423,SNOW,0,,,7,
USC00116200,20180423,SNWD,0,,,7,0500
USC00116200,20180424,TMAX,211,,,7,0500
USC00116200,20180424,TMIN,67,,,7,0500
USC00116200,20180424,TOBS,111,,,7,0500
USC00116200,20180424,PRCP,53,,,7,0500
USC00116200,20180424,SNOW,0,,,7,
USC00116200,20180424,SNWD,0,,,7,0500
USC00116200,20180424,WT01,1,,,7,
USC00116200,20180425,TMAX,200,,,7,0500
USC00116200,20180425,TMIN,67,,,7,0500
USC00116200,20180425,TOBS,67,,,7,0500
USC00116200,20180425,PRCP,0,,,7,0500
USC00116200,20180425,SNOW,0,,,7,
USC00116200,20180425,SNWD,0,,,7,0500
USC00116200,20180425,WT01,1,,,7,
USC00116200,20180426,TMAX,178,,,7,0500
USC00116200,20180426,TMIN,0,,,7,0500
USC00116200,20180426,TOBS,0,,,7,0500
USC00116200,20180426,PRCP,0,,,7,0500
USC00116200,20180426,SNOW,0,,,7,
USC00116200,20180426,SNWD,0,,,7,0500
USC00116200,20180427,TMAX,206,,,7,0500
USC00116200,20180427,TMIN,0,,,7,0500
USC00116200,20180427,TOBS,89,,,7,0500
USC00116200,20180427,PRCP,0,,,7,0500
USC00116200,20180427,SNOW,0,,,7,
USC00116200,20180427,SNWD,0,,,7,0500
USC00116200,20180428,TMAX,211,,,7,0500
USC00116200,20180428,TMIN,-17,,,7,0500
USC00116200,20180428,TOBS,11,,,7,0500
USC00116200,20180428,PRCP,0,,,7,0500
USC00116200,20180428,SNOW,0,,,7,
USC00116200,20180428,SNWD,0,,,7,0500
USC00116200,20180429,TMAX,150,,,7,0500
USC00116200,20180429,TMIN,-33,,,7,0500
USC00116200,20180429,TOBS,-33,,,7,0500
USC00116200,20180429,PRCP,0,,,7,0500
USC00116200,20180429,SNOW,0,,,7,
USC00116200,20180429,SNWD,0,,,7,0500
USC00116200,20180430,TMAX,183,,,7,0500
USC00116200,20180430,TMIN,-39,,,7,0500
USC00116200,20180430,TOBS,72,,,7,0500
USC00116200,20180430,PRCP,0,,,7,0500
USC00116200,20180430,SNOW,0,,,7,
USC00116200,20180430,SNWD,0,,,7,0500
USC00116200,20180501,TMAX,256,,,7,0500
USC00116200,20180501,TMIN,67,,,7,0500
USC00116200,20180501,TOBS,133,,,7,0500
USC00116200,20180501,PRCP,0,,,7,0500
USC00116200,20180501,SNOW,0,,,7,
USC00116200,20180501,SNWD,0,,,7,0500
USC00116200,20180502,TMAX,289,,,7,0500
USC00116200,20180502,TMIN,72,,,7,0500
USC00116200,20180502,TOBS,117,,,7,0500
USC00116200,20180502,PRCP,0,,,7,0500
USC00116200,20180502,SNOW,0,,,7,
USC00116200,20180502,SNWD,0,,,7,0500
USC00116200,20180503,TMAX,306,,,7,0500
USC00116200,20180503,TMIN,117,,,7,0500
USC00116200,20180503,TOBS,183,,,7,0500
USC00116200,20180503,PRCP,51,,,7,0500
USC00116200,20180503,SNOW,0,,,7,
USC00116200,20180503,SNWD,0,,,7,0500
USC00116200,20180503,WT03,1,,,7,
USC00116200,20180504,TMAX,239,,,7,0500
USC00116200,20180504,TMIN,178,,,7,0500
USC00116200,20180504,TOBS,178,,,7,0500
USC00116200,20180504,PRCP,20,,,7,0500
USC00116200,20180504,SNOW,0,,,7,
USC00116200,20180504,SNWD,0,,,7,0500
USC00116200,20180504,WT03,1,,,7,
USC00116200,20180505,TMAX,233,,,7,0500
USC00116200,20180505,TMIN,128,,,7,0500
USC00116200,20180505,TOBS,128,,,7,0500
USC00116200,20180505,PRCP,0,T,,7,0500
USC00116200,20180505,SNOW,0,,,7,
USC00116200,20180505,SNWD,0,,,7,0500
USC00116200,20180506,TMAX,267,,,7,0500
USC00116200,20180506,TMIN,128,,,7,0500
USC00116200,20180506,TOBS,156,,,7,0500
USC00116200,20180506,PRCP,0,,,7,0500
USC00116200,20180506,SNOW,0,,,7,
USC00116200,20180506,SNWD,0,,,7,0500
USC00116200,20180507,TMAX,272,,,7,0500
USC00116200,20180507,TMIN,67,,,7,0500
USC00116200,20180507,TOBS,67,,,7,0500
USC00116200,20180507,PRCP,0,,,7,0500
USC00116200,20180507,SNOW,0,,,7,
USC00116200,20180507,SNWD,0,,,7,0500
USC00116200,20180508,TMAX,256,,,7,0500
USC00116200,20180508,TMIN,67,,,7,0500
USC00116200,20180508,TOBS,139,,,7,0500
USC00116200,20180508,PRCP,0,,,7,0500
USC00116200,20180508,SNOW,0,,,7,
USC00116200,20180508,SNWD,0,,,7,0500
USC00116200,20180509,TMAX,278,,,7,0500
USC00116200,20180509,TMIN,117,,,7,0500
USC00116200,20180509,TOBS,167,,,7,0500
USC00116200,20180509,PRCP,0,,,7,0500
USC00116200,20180509,SNOW,0,,,7,
USC00116200,20180509,SNWD,0,,,7,0500
USC00116200,20180510,TMAX,283,,,7,0500
USC00116200,20180510,TMIN,139,,,7,0500
USC00116200,20180510,TOBS,139,,,7,0500
USC00116200,20180510,PRCP,15,,,7,0500
USC00116200,20180510,SNOW,0,,,7,
USC00116200,20180510,SNWD,0,,,7,0500
USC00116200,20180510,WT03,1,,,7,
USC00116200,20180511,TMAX,289,,,7,0500
USC00116200,20180511,TMIN,133,,,7,0500
USC00116200,20180511,TOBS,144,,,7,0500
USC00116200,20180511,PRCP,0,,,7,0500
USC00116200,20180511,SNOW,0,,,7,
USC00116200,20180511,SNWD,0,,,7,0500
USC00116200,20180512,TMAX,306,,,7,0500
USC00116200,20180512,TMIN,117,,,7,0500
USC00116200,20180512,TOBS,117,,,7,0500
USC00116200,20180512,PRCP,0,,,7,0500
USC00116200,20180512,SNOW,0,,,7,
USC00116200,20180512,SNWD,0,,,7,0500
USC00116200,20180513,TMAX,194,,,7,0500
USC00116200,20180513,TMIN,100,,,7,0500
USC00116200,20180513,TOBS,111,,,7,0500
USC00116200,20180513,PRCP,18,,,7,0500
USC00116200,20180513,SNOW,0,,,7,
USC00116200,20180513,SNWD,0,,,7,0500
USC00116200,20180513,WT01,1,,,7,
USC00116200,20180513,WT03,1,,,7,
USC00116200,20180514,TMAX,272,,,7,0500
USC00116200,20180514,TMIN,111,,,7,0500
USC00116200,20180514,TOBS,183,,,7,0500
USC00116200,20180514,PRCP,0,,,7,0500
USC00116200,20180514,SNOW,0,,,7,
USC00116200,20180514,SNWD,0,,,7,0500
USC00116200,20180515,TMAX,322,,,7,0500
USC00116200,20180515,TMIN,183,,,7,0500
USC00116200,20180515,TOBS,183,,,7,0500
USC00116200,20180515,PRCP,0,,,7,0500
USC00116200,20180515,SNOW,0,,,7,
USC00116200,20180515,SNWD,0,,,7,0500
USC00116200,20180516,TMAX,250,,,7,0500
USC00116200,20180516,TMIN,111,,,7,0500
USC00116200,20180516,TOBS,111,,,7,0500
USC00116200,20180516,PRCP,0,,,7,0500
USC00116200,20180516,SNOW,0,,,7,
USC00116200,20180516,SNWD,0,,,7,0500
USC00116200,20180517,TMAX,289,,,7,0500
USC00116200,20180517,TMIN,111,,,7,0500
USC00116200,20180517,TOBS,111,,,7,0500
USC00116200,20180517,PRCP,0,,,7,0500
USC00116200,20180517,SNOW,0,,,7,
USC00116200,20180517,SNWD,0,,,7,0500
USC00116200,20180518,TMAX,311,,,7,0500
USC00116200,20180518,TMIN,111,,,7,0500
USC00116200,20180518,TOBS,156,,,7,0500
USC00116200,20180518,PRCP,0,,,7,0500
USC00116200,20180518,SNOW,0,,,7,
USC00116200,20180518,SNWD,0,,,7,0500
USC00116200,20180519,TMAX,250,,,7,0500
USC00116200,20180519,TMIN,156,,,7,0500
USC00116200,20180519,TOBS,178,,,7,0500
USC00116200,20180519,PRCP,0,T,,7,0500
USC00116200,20180519,SNOW,0,,,7,
USC00116200,20180519,SNWD,0,,,7,0500
USC00116200,20180520,TMAX,300,,,7,0500
USC00116200,20180520,TMIN,156,,,7,0500
USC00116200,20180520,TOBS,178,,,7,0500
USC00116200,20180520,PRCP,0,,,7,0500
USC00116200,20180520,SNOW,0,,,7,
USC00116200,20180520,SNWD,0,,,7,0500
USC00116200,20180521,TMAX,250,,,7,0500
USC00116200,20180521,TMIN,128,,,7,0500
USC00116200,20180521,TOBS,128,,,7,0500
USC00116200,20180521,PRCP,15,,,7,0500
USC00116200,20180521,SNOW,0,,,7,
USC00116200,20180521,SNWD,0,,,7,0500
USC00116200,20180521,WT01,1,,,7,
USC00116200,20180522,TMAX,278,,,7,0500
USC00116200,20180522,TMIN,128,,,7,0500
USC00116200,20180522,TOBS,167,,,7,0500
USC00116200,20180522,PRCP,13,,,7,0500
USC00116200,20180522,SNOW,0,,,7,
USC00116200,20180522,SNWD,0,,,7,0500
USC00116200,20180523,TMAX,272,,,7,0500
USC00116200,20180523,TMIN,111,,,7,0500
USC00116200,20180523,TOBS,111,,,7,0500
USC00116200,20180523,PRCP,0,,,7,0500
USC00116200,20180523,SNOW,0,,,7,
USC00116200,20180523,SNWD,0,,,7,0500
USC00116200,20180524,TMAX,311,,,7,0500
USC00116200,20180524,TMIN,111,,,7,0500
USC00116200,20180524,TOBS,156,,,7,0500
USC00116200,20180524,PRCP,0,,,7,0500
USC00116200,20180524,SNOW,0,,,7,
USC00116200,20180524,SNWD,0,,,7,0500
USC00116200,20180525,TMAX,328,,,7,0500
USC00116200,20180525,TMIN,150,,,7,0500
USC00116200,20180525,TOBS,167,,,7,0500
USC00116200,20180525,PRCP,0,,,7,0500
USC00116200,20180525,SNOW,0,,,7,
USC00116200,20180525,SNWD,0,,,7,0500
USC00116200,20180526,TMAX,322,,,7,0500
USC00116200,20180526,TMIN,167,,,7,0500
USC00116200,20180526,TOBS,200,,,7,0500
USC00116200,20180526,PRCP,64,,,7,0500
USC00116200,20180526,SNOW,0,,,7,
USC00116200,20180526,SNWD,0,,,7,0500
USC00116200,20180526,WT03,1,,,7,
USC00116200,20180527,TMAX,328,,,7,0500
USC00116200,20180527,TMIN,200,,,7,0500
USC00116200,20180527,TOBS,222,,,7,0500
USC00116200,20180527,PRCP,0,,,7,0500
USC00116200,20180527,SNOW,0,,,7,
USC00116200,20180527,SNWD,0,,,7,0500
USC00116200,20180528,TMAX,367,,,7,0500
USC00116200,20180528,TMIN,217,,,7,0500
USC00116200,20180528,TOBS,217,,,7,0500
USC00116200,20180528,PRCP,0,,,7,0500
USC00116200,20180528,SNOW,0,,,7,
USC00116200,20180528,SNWD,0,,,7,0500
USC00116200,20180529,TMAX,356,,,7,0500
USC00116200,20180529,TMIN,217,,,7,0500
USC00116200,20180529,TOBS,217,,,7,0500
USC00116200,20180529,PRCP,0,,,7,0500
USC00116200,20180529,SNOW,0,,,7,
USC00116200,20180529,SNWD,0,,,7,0500
USC00116200,20180530,TMAX,311,,,7,0500
USC00116200,20180530,TMIN,206,,,7,0500
USC00116200,20180530,TOBS,206,,,7,0500
USC00116200,20180530,PRCP,89,,,7,0500
USC00116200,20180530,SNOW,0,,,7,
USC00116200,20180530,SNWD,0,,,7,0500
USC00116200,20180530,WT03,1,,,7,
USC00116200,20180531,TMAX,289,,,7,0500
USC00116200,20180531,TMIN,206,,,7,0500
USC00116200,20180531,TOBS,211,,,7,0500
USC00116200,20180531,PRCP,414,,,7,0500
USC00116200,20180531,SNOW,0,,,7,
USC00116200,20180531,SNWD,0,,,7,0500
USC00116200,20180531,WT03,1,,,7,
USC00116200,20180601,TMAX,322,,,7,0500
USC00116200,20180601,TMIN,200,,,7,0500
USC00116200,20180601,TOBS,200,,,7,0500
USC00116200,20180601,PRCP,0,,,7,0500
USC00116200,20180601,SNOW,0,,,7,
USC00116200,20180601,SNWD,0,,,7,0500
USC00116200,20180602,TMAX,322,,,7,0500
USC00116200,20180602,TMIN,122,,,7,0500
USC00116200,20180602,TOBS,122,,,7,0500
USC00116200,20180602,PRCP,0,,,7,0500
USC00116200,20180602,SNOW,0,,,7,
USC00116200,20180602,SNWD,0,,,7,0500
USC00116200,20180603,TMAX,300,,,7,0500
USC00116200,20180603,TMIN,122,,,7,0500
USC00116200,20180603,TOBS,172,,,7,0500
USC00116200,20180603,PRCP,89,,,7,0500
USC00116200,20180603,SNOW,0,,,7,
USC00116200,20180603,SNWD,0,,,7,0500
USC00116200,20180603,WT03,1,,,7,
USC00116200,20180604,TMAX,278,,,7,0500
USC00116200,20180604,TMIN,117,,,7,0500
USC00116200,20180604,TOBS,117,,,7,0500
USC00116200,20180604,PRCP,0,,,7,0500
USC00116200,20180604,SNOW,0,,,7,
USC00116200,20180604,SNWD,0,,,7,0500
USC00116200,20180605,TMAX,261,,,7,0500
USC00116200,20180605,TMIN,106,,,7,0500
USC00116200,20180605,TOBS,156,,,7,0500
USC00116200,20180605,PRCP,0,,,7,0500
USC00116200,20180605,SNOW,0,,,7,
USC00116200,20180605,SNWD,0,,,7,0500
USC00116200,20180606,TMAX,306,,,7,0500
USC00116200,20180606,TMIN,106,,,7,0500
USC00116200,20180606,TOBS,106,,,7,0500
USC00116200,20180606,PRCP,0,,,7,0500
USC00116200,20180606,SNOW,0,,,7,
USC00116200,20180606,SNWD,0,,,7,0500
USC00116200,20180607,TMAX,306,,,7,0500
USC00116200,20180607,TMIN,106,,,7,0500
USC00116200,20180607,TOBS,217,,,7,0500
USC00116200,20180607,PRCP,0,,,7,0500
USC00116200,20180607,SNOW,0,,,7,
USC00116200,20180607,SNWD,0,,,7,0500
USC00116200,20180608,TMAX,339,,,7,0500
USC00116200,20180608,TMIN,178,,,7,0500
USC00116200,20180608,TOBS,178,,,7,0500
USC00116200,20180608,PRCP,0,,,7,0500
USC00116200,20180608,SNOW,0,,,7,
USC00116200,20180608,SNWD,0,,,7,0500
USC00116200,20180609,TMAX,294,,,7,0500
USC00116200,20180609,TMIN,167,,,7,0500
USC00116200,20180609,TOBS,217,,,7,0500
USC00116200,20180609,PRCP,0,,,7,0500
USC00116200,20180609,SNOW,0,,,7,
USC00116200,20180609,SNWD,0,,,7,0500
USC00116200,20180610,TMAX,289,,,7,0500
USC00116200,20180610,TMIN,167,,,7,0500
USC00116200,20180610,TOBS,167,,,7,0500
USC00116200,20180610,PRCP,178,,,7,0500
USC00116200,20180610,SNOW,0,,,7,
USC00116200,20180610,SNWD,0,,,7,0500
USC00116200,20180610,WT03,1,,,7,
USC00116200,20180611,TMAX,233,,,7,0500
USC00116200,20180611,TMIN,167,,,7,0500
USC00116200,20180611,TOBS,178,,,7,0500
USC00116200,20180611,PRCP,572,,,7,0500
USC00116200,20180611,SNOW,0,,,7,
USC00116200,20180611,SNWD,0,,,7,0500
USC00116200,20180611,WT01,1,,,7,
USC00116200,20180611,WT03,1,,,7,
USC00116200,20180612,TMAX,267,,,7,0500
USC00116200,20180612,TMIN,167,,,7,0500
USC00116200,20180612,TOBS,200,,,7,0500
USC00116200,20180612,PRCP,0,,,7,0500
USC00116200,20180612,SNOW,0,,,7,
USC00116200,20180612,SNWD,0,,,7,0500
USC00116200,20180613,TMAX,289,,,7,0500
USC00116200,20180613,TMIN,200,,,7,0500
USC00116200,20180613,TOBS,222,,,7,0500
USC00116200,20180613,PRCP,15,,,7,0500
USC00116200,20180613,SNOW,0,,,7,
USC00116200,20180613,SNWD,0,,,7,0500
USC00116200,20180613,WT03,1,,,7,
USC00116200,20180614,TMAX,272,,,7,0500
USC00116200,20180614,TMIN,144,,,7,0500
USC00116200,20180614,TOBS,156,,,7,0500
USC00116200,20180614,PRCP,0,,,7,0500
USC00116200,20180614,SNOW,0,,,7,
USC00116200,20180614,SNWD,0,,,7,0500
USC00116200,20180615,TMAX,267,,,7,0500
USC00116200,20180615,TMIN,128,,,7,0500
USC00116200,20180615,TOBS,211,,,7,0500
USC00116200,20180615,PRCP,0,,,7,0500
USC00116200,20180615,SNOW,0,,,7,
USC00116200,20180615,SNWD,0,,,7,0500
USC00116200,20180616,TMAX,333,,,7,0500
USC00116200,20180616,TMIN,200,,,7,0500
USC00116200,20180616,TOBS,233,,,7,0500
USC00116200,20180616,PRCP,0,,,7,0500
USC00116200,20180616,SNOW,0,,,7,
USC00116200,20180616,SNWD,0,,,7,0500
USC00116200,20180617,TMAX,350,,,7,0500
USC00116200,20180617,TMIN,228,,,7,0500
USC00116200,20180617,TOBS,239,,,7,0500
USC00116200,20180617,PRCP,0,,,7,0500
USC00116200,20180617,SNOW,0,,,7,
USC00116200,20180617,SNWD,0,,,7,0500
USC00116200,20180618,TMAX,339,,,7,0500
USC00116200,20180618,TMIN,239,,,7,0500
USC00116200,20180618,TOBS,256,,,7,0500
USC00116200,20180618,PRCP,0,,,7,0500
USC00116200,20180618,SNOW,0,,,7,
USC00116200,20180618,SNWD,0,,,7,0500
USC00116200,20180619,TMAX,333,,,7,0500
USC00116200,20180619,TMIN,222,,,7,0500
USC00116200,20180619,TOBS,222,,,7,0500
USC00116200,20180619,PRCP,0,,,7,0500
USC00116200,20180619,SNOW,0,,,7,
USC00116200,20180619,SNWD,0,,,7,0500
USC00116200,20180620,TMAX,333,,,7,0500
USC00116200,20180620,TMIN,222,,,7,0500
USC00116200,20180620,TOBS,222,,,7,0500
USC00116200,20180620,PRCP,38,,,7,0500
USC00116200,20180620,SNOW,0,,,7,
USC00116200,20180620,SNWD,0,,,7,0500
USC00116200,20180620,WT03,1,,,7,
USC00116200,20180621,TMAX,311,,,7,0500
USC00116200,20180621,TMIN,194,,,7,0500
USC00116200,20180621,TOBS,206,,,7,0500
USC00116200,20180621,PRCP,203,,,7,0500
USC00116200,20180621,SNOW,0,,,7,
USC00116200,20180621,SNWD,0,,,7,0500
USC00116200,20180621,WT03,1,,,7,
USC00116200,20180622,TMAX,267,,,7,0500
USC00116200,20180622,TMIN,178,,,7,0500
USC00116200,20180622,TOBS,178,,,7,0500
USC00116200,20180622,PRCP,521,,,7,0500
USC00116200,20180622,SNOW,0,,,7,
USC00116200,20180622,SNWD,0,,,7,0500
USC00116200,20180622,WT01,1,,,7,
USC00116200,20180622,WT03,1,,,7,
USC00116200,20180623,TMAX,211,,,7,0500
USC00116200,20180623,TMIN,167,,,7,0500
USC00116200,20180623,TOBS,167,,,7,0500
USC00116200,20180623,PRCP,0,,,7,0500
USC00116200,20180623,SNOW,0,,,7,
USC00116200,20180623,SNWD,0,,,7,0500
USC00116200,20180623,WT01,1,,,7,
USC00116200,20180624,TMAX,228,,,7,0500
USC00116200,20180624,TMIN,167,,,7,0500
USC00116200,20180624,TOBS,178,,,7,0500
USC00116200,20180624,PRCP,0,,,7,0500
USC00116200,20180624,SNOW,0,,,7,
USC00116200,20180624,SNWD,0,,,7,0500
USC00116200,20180624,WT01,1,,,7,
USC00116200,20180625,TMAX,283,,,7,0500
USC00116200,20180625,TMIN,167,,,7,0500
USC00116200,20180625,TOBS,167,,,7,0500
USC00116200,20180625,PRCP,0,,,7,0500
USC00116200,20180625,SNOW,0,,,7,
USC00116200,20180625,SNWD,0,,,7,0500
USC00116200,20180625,WT01,1,,,7,
USC00116200,20180626,TMAX,283,,,7,0500
USC00116200,20180626,TMIN,167,,,7,0500
USC00116200,20180626,TOBS,206,,,7,0500
USC00116200,20180626,PRCP,0,,,7,0500
USC00116200,20180626,SNOW,0,,,7,
USC00116200,20180626,SNWD,0,,,7,0500
USC00116200,20180627,TMAX,283,,,7,0500
USC00116200,20180627,TMIN,200,,,7,0500
USC00116200,20180627,TOBS,200,,,7,0500
USC00116200,20180627,PRCP,10,,,7,0500
USC00116200,20180627,SNOW,0,,,7,
USC00116200,20180627,SNWD,0,,,7,0500
USC00116200,20180628,TMAX,306,,,7,0500
USC00116200,20180628,TMIN,172,,,7,0500
USC00116200,20180628,TOBS,172,,,7,0500
USC00116200,20180628,PRCP,0,,,7,0500
USC00116200,20180628,SNOW,0,,,7,
USC00116200,20180628,SNWD,0,,,7,0500
USC00116200,20180629,TMAX,306,,,7,0500
USC00116200,20180629,TMIN,172,,,7,0500
USC00116200,20180629,TOBS,194,,,7,0500
USC00116200,20180629,PRCP,0,,,7,0500
USC00116200,20180629,SNOW,0,,,7,
USC00116200,20180629,SNWD,0,,,7,0500
USC00116200,20180630,TMAX,339,,,7,0500
USC00116200,20180630,TMIN,194,,,7,0500
USC00116200,20180630,TOBS,239,,,7,0500
USC00116200,20180630,PRCP,0,,,7,0500
USC00116200,20180630,SNOW,0,,,7,
USC00116200,20180630,SNWD,0,,,7,0500
USC00116200,20180701,TMAX,339,,,7,0500
USC00116200,20180701,TMIN,239,,,7,0500
USC00116200,20180701,TOBS,239,,,7,0500
USC00116200,20180701,PRCP,0,,,7,0500
USC00116200,20180701,SNOW,0,,,7,
USC00116200,20180701,SNWD,0,,,7,0500
USC00116200,20180702,TMAX,322,,,7,0500
USC00116200,20180702,TMIN,200,,,7,0500
USC00116200,20180702,TOBS,200,,,7,0500
USC00116200,20180702,PRCP,81,,,7,0500
USC00116200,20180702,SNOW,0,,,7,
USC00116200,20180702,SNWD,0,,,7,0500
USC00116200,20180702,WT03,1,,,7,
USC00116200,20180703,TMAX,289,,,7,0500
USC00116200,20180703,TMIN,172,,,7,0500
USC00116200,20180703,TOBS,172,,,7,0500
USC00116200,20180703,PRCP,0,,,7,0500
USC00116200,20180703,SNOW,0,,,7,
USC00116200,20180703,SNWD,0,,,7,0500
USC00116200,20180704,TMAX,322,,,7,0500
USC00116200,20180704,TMIN,172,,,7,0500
USC00116200,20180704,TOBS,222,,,7,0500
USC00116200,20180704,PRCP,0,,,7,0500
USC00116200,20180704,SNOW,0,,,7,
USC00116200,20180704,SNWD,0,,,7,0500
USC00116200,20180705,TMAX,344,,,7,0500
USC00116200,20180705,TMIN,222,,,7,0500
USC00116200,20180705,TOBS,239,,,7,0500
USC00116200,20180705,PRCP,0,,,7,0500
USC00116200,20180705,SNOW,0,,,7,
USC00116200,20180705,SNWD,0,,,7,0500
USC00116200,20180706,TMAX,344,,,7,0500
USC00116200,20180706,TMIN,222,,,7,0500
USC00116200,20180706,TOBS,222,,,7,0500
USC00116200,20180706,PRCP,8,,,7,0500
USC00116200,20180706,SNOW,0,,,7,
USC00116200,20180706,SNWD,0,,,7,0500
USC00116200,20180707,TMAX,283,,,7,0500
USC00116200,20180707,TMIN,106,,,7,0500
USC00116200,20180707,TOBS,106,,,7,0500
USC00116200,20180707,PRCP,0,,,7,0500
USC00116200,20180707,SNOW,0,,,7,
USC00116200,20180707,SNWD,0,,,7,0500
USC00116200,20180708,TMAX,267,,,7,0500
USC00116200,20180708,TMIN,106,,,7,0500
USC00116200,20180708,TOBS,133,,,7,0500
USC00116200,20180708,PRCP,0,,,7,0500
USC00116200,20180708,SNOW,0,,,7,
USC00116200,20180708,SNWD,0,,,7,0500
USC00116200,20180709,TMAX,294,,,7,0500
USC00116200,20180709,TMIN,133,,,7,0500
USC00116200,20180709,TOBS,172,,,7,0500
USC00116200,20180709,PRCP,0,,,7,0500
USC00116200,20180709,SNOW,0,,,7,
USC00116200,20180709,SNWD,0,,,7,0500
USC00116200,20180710,TMAX,339,,,7,0500
USC00116200,20180710,TMIN,161,,,7,0500
USC00116200,20180710,TOBS,239,,,7,0500
USC00116200,20180710,PRCP,0,,,7,0500
USC00116200,20180710,SNOW,0,,,7,
USC00116200,20180710,SNWD,0,,,7,0500
USC00116200,20180711,TMAX,339,,,7,0500
USC00116200,20180711,TMIN,150,,,7,0500
USC00116200,20180711,TOBS,150,,,7,0500
USC00116200,20180711,PRCP,0,,,7,0500
USC00116200,20180711,SNOW,0,,,7,
USC00116200,20180711,SNWD,0,,,7,0500
USC00116200,20180712,TMAX,317,,,7,0500
USC00116200,20180712,TMIN,150,,,7,0500
USC00116200,20180712,TOBS,183,,,7,0500
USC00116200,20180712,PRCP,0,,,7,0500
USC00116200,20180712,SNOW,0,,,7,
USC00116200,20180712,SNWD,0,,,7,0500
USC00116200,20180713,TMAX,322,,,7,0500
USC00116200,20180713,TMIN,172,,,7,0500
USC00116200,20180713,TOBS,206,,,7,0500
USC00116200,20180713,PRCP,0,,,7,0500
USC00116200,20180713,SNOW,0,,,7,
USC00116200,20180713,SNWD,0,,,7,0500
USC00116200,20180714,TMAX,339,,,7,0500
USC00116200,20180714,TMIN,206,,,7,0500
USC00116200,20180714,TOBS,206,,,7,0500
USC00116200,20180714,PRCP,0,T,,7,0500
USC00116200,20180714,SNOW,0,,,7,
USC00116200,20180714,SNWD,0,,,7,0500
USC00116200,20180715,TMAX,294,,,7,0500
USC00116200,20180715,TMIN,206,,,7,0500
USC00116200,20180715,TOBS,206,,,7,0500
USC00116200,20180715,PRCP,221,,,7,0500
USC00116200,20180715,SNOW,0,,,7,
USC00116200,20180715,SNWD,0,,,7,0500
USC00116200,20180715,WT03,1,,,7,
USC00116200,20180716,TMAX,306,,,7,0500
USC00116200,20180716,TMIN,206,,,7,0500
USC00116200,20180716,TOBS,222,,,7,0500
USC00116200,20180716,PRCP,0,,,7,0500
USC00116200,20180716,SNOW,0,,,7,
USC00116200,20180716,SNWD,0,,,7,0500
USC00116200,20180717,TMAX,317,,,7,0500
USC00116200,20180717,TMIN,156,,,7,0500
USC00116200,20180717,TOBS,156,,,7,0500
USC00116200,20180717,PRCP,0,,,7,0500
USC00116200,20180717,SNOW,0,,,7,
USC00116200,20180717,SNWD,0,,,7,0500
USC00116200,20180718,TMAX,300,,,7,0500
USC00116200,20180718,TMIN,144,,,7,0500
USC00116200,20180718,TOBS,144,,,7,0500
USC00116200,20180718,PRCP,0,,,7,0500
USC00116200,20180718,SNOW,0,,,7,
USC00116200,20180718,SNWD,0,,,7,0500
USC00116200,20180719,TMAX,272,,,7,0500
USC00116200,20180719,TMIN,139,,,7,0500
USC00116200,20180719,TOBS,144,,,7,0500
USC00116200,20180719,PRCP,0,,,7,0500
USC00116200,20180719,SNOW,0,,,7,
USC00116200,20180719,SNWD,0,,,7,0500
USC00116200,20180720,TMAX,278,,,7,0500
USC00116200,20180720,TMIN,139,,,7,0500
USC00116200,20180720,TOBS,206,,,7,0500
USC00116200,20180720,PRCP,0,,,7,0500
USC00116200,20180720,SNOW,0,,,7,
USC00116200,20180720,SNWD,0,,,7,0500
USC00116200,20180721,TMAX,256,,,7,0500
USC00116200,20180721,TMIN,200,,,7,0500
USC00116200,20180721,TOBS,206,,,7,0500
USC00116200,20180721,PRCP,25,,,7,0500
USC00116200,20180721,SNOW,0,,,7,
USC00116200,20180721,SNWD,0,,,7,0500
USC00116200,20180722,TMAX,261,,,7,0500
USC00116200,20180722,TMIN,200,,,7,0500
USC00116200,20180722,TOBS,200,,,7,0500
USC00116200,20180722,PRCP,25,,,7,0500
USC00116200,20180722,SNOW,0,,,7,
USC00116200,20180722,SNWD,0,,,7,0500
USC00116200,20180722,WT03,1,,,7,
USC00116200,20180723,TMAX,256,,,7,0500
USC00116200,20180723,TMIN,150,,,7,0500
USC00116200,20180723,TOBS,150,,,7,0500
USC00116200,20180723,PRCP,10,,,7,0500
USC00116200,20180723,SNOW,0,,,7,
USC00116200,20180723,SNWD,0,,,7,0500
USC00116200,20180724,TMAX,283,,,7,0500
USC00116200,20180724,TMIN,150,,,7,0500
USC00116200,20180724,TOBS,172,,,7,0500
USC00116200,20180724,PRCP,0,,,7,0500
USC00116200,20180724,SNOW,0,,,7,
USC00116200,20180724,SNWD,0,,,7,0500
USC00116200,20180725,TMAX,300,,,7,0500
USC00116200,20180725,TMIN,150,,,7,0500
USC00116200,20180725,TOBS,156,,,7,0500
USC00116200,20180725,PRCP,0,,,7,0500
USC00116200,20180725,SNOW,0,,,7,
USC00116200,20180725,SNWD,0,,,7,0500
USC00116200,20180726,TMAX,300,,,7,0500
USC00116200,20180726,TMIN,156,,,7,0500
USC00116200,20180726,TOBS,211,,,7,0500
USC00116200,20180726,PRCP,0,,,7,0500
USC00116200,20180726,SNOW,0,,,7,
USC00116200,20180726,SNWD,0,,,7,0500
USC00116200,20180727,TMAX,294,,,7,0500
USC00116200,20180727,TMIN,128,,,7,0500
USC00116200,20180727,TOBS,128,,,7,0500
USC00116200,20180727,PRCP,0,,,7,0500
USC00116200,20180727,SNOW,0,,,7,
USC00116200,20180727,SNWD,0,,,7,0500
USC00116200,20180728,TMAX,256,,,7,0500
USC00116200,20180728,TMIN,122,,,7,0500
USC00116200,20180728,TOBS,128,,,7,0500
USC00116200,20180728,PRCP,0,,,7,0500
USC00116200,20180728,SNOW,0,,,7,
USC00116200,20180728,SNWD,0,,,7,0500
USC00116200,20180729,TMAX,256,,,7,0500
USC00116200,20180729,TMIN,128,,,7,0500
USC00116200,20180729,TOBS,156,,,7,0500
USC00116200,20180729,PRCP,0,,,7,0500
USC00116200,20180729,SNOW,0,,,7,
USC00116200,20180729,SNWD,0,,,7,0500
USC00116200,20180730,TMAX,228,,,7,0500
USC00116200,20180730,TMIN,156,,,7,0500
USC00116200,20180730,TOBS,156,,,7,0500
USC00116200,20180730,PRCP,38,,,7,0500
USC00116200,20180730,SNOW,0,,,7,
USC00116200,20180730,SNWD,0,,,7,0500
USC00116200,20180731,TMAX,261,,,7,0500
USC00116200,20180731,TMIN,156,,,7,0500
USC00116200,20180731,TOBS,161,,,7,0500
USC00116200,20180731,PRCP,0,T,,7,0500
USC00116200,20180731,SNOW,0,,,7,
USC00116200,20180731,SNWD,0,,,7,0500
USC00116200,20180801,TMAX,278,,,7,0500
USC00116200,20180801,TMIN,128,,,7,0500
USC00116200,20180801,TOBS,128,,,7,0500
USC00116200,20180801,PRCP,0,T,,7,0500
USC00116200,20180801,SNOW,0,,,7,
USC00116200,20180801,SNWD,0,,,7,0500
USC00116200,20180802,TMAX,300,,,7,0500
USC00116200,20180802,TMIN,128,,,7,0500
USC00116200,20180802,TOBS,200,,,7,0500
USC00116200,20180802,PRCP,0,,,7,0500
USC00116200,20180802,SNOW,0,,,7,
USC00116200,20180802,SNWD,0,,,7,0500
USC00116200,20180803,TMAX,306,,,7,0500
USC00116200,20180803,TMIN,156,,,7,0500
USC00116200,20180803,TOBS,167,,,7,0500
USC00116200,20180803,PRCP,0,,,7,0500
USC00116200,20180803,SNOW,0,,,7,
USC00116200,20180803,SNWD,0,,,7,0500
USC00116200,20180804,TMAX,328,,,7,0500
USC00116200,20180804,TMIN,167,,,7,0500
USC00116200,20180804,TOBS,228,,,7,0500
USC00116200,20180804,PRCP,0,,,7,0500
USC00116200,20180804,SNOW,0,,,7,
USC00116200,20180804,SNWD,0,,,7,0500
USC00116200,20180805,TMAX,333,,,7,0500
USC00116200,20180805,TMIN,222,,,7,0500
USC00116200,20180805,TOBS,222,,,7,0500
USC00116200,20180805,PRCP,0,,,7,0500
USC00116200,20180805,SNOW,0,,,7,
USC00116200,20180805,SNWD,0,,,7,0500
USC00116200,20180806,TMAX,339,,,7,0500
USC00116200,20180806,TMIN,222,,,7,0500
USC00116200,20180806,TOBS,233,,,7,0500
USC00116200,20180806,PRCP,0,,,7,0500
USC00116200,20180806,SNOW,0,,,7,
USC00116200,20180806,SNWD,0,,,7,0500
USC00116200,20180807,TMAX,322,,,7,0500
USC00116200,20180807,TMIN,194,,,7,0500
USC00116200,20180807,TOBS,194,,,7,0500
USC00116200,20180807,PRCP,58,,,7,0500
USC00116200,20180807,SNOW,0,,,7,
USC00116200,20180807,SNWD,0,,,7,0500
USC00116200,20180807,WT03,1,,,7,
USC00116200,20180808,TMAX,267,,,7,0500
USC00116200,20180808,TMIN,183,,,7,0500
USC00116200,20180808,TOBS,206,,,7,0500
USC00116200,20180808,PRCP,0,T,,7,0500
USC00116200,20180808,SNOW,0,,,7,
USC00116200,20180808,SNWD,0,,,7,0500
USC00116200,20180809,TMAX,306,,,7,0500
USC00116200,20180809,TMIN,167,,,7,0500
USC00116200,20180809,TOBS,183,,,7,0500
USC00116200,20180809,PRCP,0,,,7,0500
USC00116200,20180809,SNOW,0,,,7,
USC00116200,20180809,SNWD,0,,,7,0500
USC00116200,20180810,TMAX,322,,,7,0500
USC00116200,20180810,TMIN,183,,,7,0500
USC00116200,20180810,TOBS,211,,,7,0500
USC00116200,20180810,PRCP,0,,,7,0500
USC00116200,20180810,SNOW,0,,,7,
USC00116200,20180810,SNWD,0,,,7,0500
USC00116200,20180811,TMAX,317,,,7,0500
USC00116200,20180811,TMIN,161,,,7,0500
USC00116200,20180811,TOBS,161,,,7,0500
USC00116200,20180811,PRCP,0,,,7,0500
USC00116200,20180811,SNOW,0,,,7,
USC00116200,20180811,SNWD,0,,,7,0500
USC00116200,20180811,WT01,1,,,7,
USC00116200,20180812,TMAX,317,,,7,0500
USC00116200,20180812,TMIN,156,,,7,0500
USC00116200,20180812,TOBS,156,,,7,0500
USC00116200,20180812,PRCP,0,,,7,0500
USC00116200,20180812,SNOW,0,,,7,
USC00116200,20180812,SNWD,0,,,7,0500
USC00116200,20180813,TMAX,317,,,7,0500
USC00116200,20180813,TMIN,150,,,7,0500
USC00116200,20180813,TOBS,150,,,7,0500
USC00116200,20180813,PRCP,0,,,7,0500
USC00116200,20180813,SNOW,0,,,7,
USC00116200,20180813,SNWD,0,,,7,0500
USC00116200,20180814,TMAX,322,,,7,0500
USC00116200,20180814,TMIN,150,,,7,0500
USC00116200,20180814,TOBS,183,,,7,0500
USC00116200,20180814,PRCP,0,,,7,0500
USC00116200,20180814,SNOW,0,,,7,
USC00116200,20180814,SNWD,0,,,7,0500
USC00116200,20180815,TMAX,322,,,7,0500
USC00116200,20180815,TMIN,183,,,7,0500
USC00116200,20180815,TOBS,206,,,7,0500
USC00116200,20180815,PRCP,0,,,7,0500
USC00116200,20180815,SNOW,0,,,7,
USC00116200,20180815,SNWD,0,,,7,0500
USC00116200,20180816,TMAX,311,,,7,0500
USC00116200,20180816,TMIN,194,,,7,0500
USC00116200,20180816,TOBS,194,,,7,0500
USC00116200,20180816,PRCP,0,,,7,0500
USC00116200,20180816,SNOW,0,,,7,
USC00116200,20180816,SNWD,0,,,7,0500
USC00116200,20180817,TMAX,306,,,7,0500
USC00116200,20180817,TMIN,183,,,7,0500
USC00116200,20180817,TOBS,194,,,7,0500
USC00116200,20180817,PRCP,208,,,7,0500
USC00116200,20180817,SNOW,0,,,7,
USC00116200,20180817,SNWD,0,,,7,0500
USC00116200,20180817,WT03,1,,,7,
USC00116200,20180818,TMAX,306,,,7,0500
USC00116200,20180818,TMIN,178,,,7,0500
USC00116200,20180818,TOBS,183,,,7,0500
USC00116200,20180818,PRCP,8,,,7,0500
USC00116200,20180818,SNOW,0,,,7,
USC00116200,20180818,SNWD,0,,,7,0500
USC00116200,20180818,WT01,1,,,7,
USC00116200,20180819,TMAX,300,,,7,0500
USC00116200,20180819,TMIN,150,,,7,0500
USC00116200,20180819,TOBS,150,,,7,0500
USC00116200,20180819,PRCP,0,,,7,0500
USC00116200,20180819,SNOW,0,,,7,
USC00116200,20180819,SNWD,0,,,7,0500
USC00116200,20180819,WT01,1,,,7,
USC00116200,20180820,TMAX,306,,,7,0500
USC00116200,20180820,TMIN,150,,,7,0500
USC00116200,20180820,TOBS,211,,,7,0500
USC00116200,20180820,PRCP,0,,,7,0500
USC00116200,20180820,SNOW,0,,,7,
USC00116200,20180820,SNWD,0,,,7,0500
USC00116200,20180821,TMAX,283,,,7,0500
USC00116200,20180821,TMIN,189,,,7,0500
USC00116200,20180821,TOBS,189,,,7,0500
USC00116200,20180821,PRCP,104,,,7,0500
USC00116200,20180821,SNOW,0,,,7,
USC00116200,20180821,SNWD,0,,,7,0500
USC00116200,20180822,TMAX,256,,,7,0500
USC00116200,20180822,TMIN,128,,,7,0500
USC00116200,20180822,TOBS,128,,,7,0500
USC00116200,20180822,PRCP,30,,,7,0500
USC00116200,20180822,SNOW,0,,,7,
USC00116200,20180822,SNWD,0,,,7,0500
USC00116200,20180822,WT01,1,,,7,
USC00116200,20180823,TMAX,267,,,7,0500
USC00116200,20180823,TMIN,106,,,7,0500
USC00116200,20180823,TOBS,106,,,7,0500
USC00116200,20180823,PRCP,0,,,7,0500
USC00116200,20180823,SNOW,0,,,7,
USC00116200,20180823,SNWD,0,,,7,0500
USC00116200,20180824,TMAX,272,,,7,0500
USC00116200,20180824,TMIN,106,,,7,0500
USC00116200,20180824,TOBS,189,,,7,0500
USC00116200,20180824,PRCP,0,T,,7,0500
USC00116200,20180824,SNOW,0,,,7,
USC00116200,20180824,SNWD,0,,,7,0500
USC00116200,20180825,TMAX,211,,,7,0500
USC00116200,20180825,TMIN,156,,,7,0500
USC00116200,20180825,TOBS,200,,,7,0500
USC00116200,20180825,PRCP,130,,,7,0500
USC00116200,20180825,SNOW,0,,,7,
USC00116200,20180825,SNWD,0,,,7,0500
USC00116200,20180826,TMAX,322,,,7,0500
USC00116200,20180826,TMIN,194,,,7,0500
USC00116200,20180826,TOBS,228,,,7,0500
USC00116200,20180826,PRCP,0,,,7,0500
USC00116200,20180826,SNOW,0,,,7,
USC00116200,20180826,SNWD,0,,,7,0500
USC00116200,20180827,TMAX,339,,,7,0500
USC00116200,20180827,TMIN,228,,,7,0500
USC00116200,20180827,TOBS,239,,,7,0500
USC00116200,20180827,PRCP,0,,,7,0500
USC00116200,20180827,SNOW,0,,,7,
USC00116200,20180827,SNWD,0,,,7,0500
USC00116200,20180828,TMAX,339,,,7,0500
USC00116200,20180828,TMIN,239,,,7,0500
USC00116200,20180828,TOBS,239,,,7,0500
USC00116200,20180828,PRCP,0,,,7,0500
USC00116200,20180828,SNOW,0,,,7,
USC00116200,20180828,SNWD,0,,,7,0500
USC00116200,20180829,TMAX,350,,,7,0500
USC00116200,20180829,TMIN,200,,,7,0500
USC00116200,20180829,TOBS,200,,,7,0500
USC00116200,20180829,PRCP,279,,,7,0500
USC00116200,20180829,SNOW,0,,,7,
USC00116200,20180829,SNWD,0,,,7,0500
USC00116200,20180829,WT03,1,,,7,
USC00116200,20180830,TMAX,250,,,7,0500
USC00116200,20180830,TMIN,150,,,7,0500
USC00116200,20180830,TOBS,150,,,7,0500
USC00116200,20180830,PRCP,58,,,7,0500
USC00116200,20180830,SNOW,0,,,7,
USC00116200,20180830,SNWD,0,,,7,0500
USC00116200,20180830,WT03,1,,,7,
USC00116200,20180831,TMAX,267,,,7,0500
USC00116200,20180831,TMIN,128,,,7,0500
USC00116200,20180831,TOBS,128,,,7,0500
USC00116200,20180831,PRCP,0,,,7,0500
USC00116200,20180831,SNOW,0,,,7,
USC00116200,20180831,SNWD,0,,,7,0500
USC00116200,20180901,TMAX,300,,,7,0500
USC00116200,20180901,TMIN,128,,,7,0500
USC00116200,20180901,TOBS,222,,,7,0500
USC00116200,20180901,PRCP,0,,,7,0500
USC00116200,20180901,SNOW,0,,,7,
USC00116200,20180901,SNWD,0,,,7,0500
USC00116200,20180902,TMAX,311,,,7,0500
USC00116200,20180902,TMIN,222,,,7,0500
USC00116200,20180902,TOBS,222,,,7,0500
USC00116200,20180902,PRCP,0,,,7,0500
USC00116200,20180902,SNOW,0,,,7,
USC00116200,20180902,SNWD,0,,,7,0500
USC00116200,20180903,TMAX,311,,,7,0500
USC00116200,20180903,TMIN,222,,,7,0500
USC00116200,20180903,TOBS,222,,,7,0500
USC00116200,20180903,PRCP,0,,,7,0500
USC00116200,20180903,SNOW,0,,,7,
USC00116200,20180903,SNWD,0,,,7,0500
USC00116200,20180904,TMAX,328,,,7,0500
USC00116200,20180904,TMIN,222,,,7,0500
USC00116200,20180904,TOBS,222,,,7,0500
USC00116200,20180904,PRCP,0,,,7,0500
USC00116200,20180904,SNOW,0,,,7,
USC00116200,20180904,SNWD,0,,,7,0500
USC00116200,20180905,TMAX,339,,,7,0500
USC00116200,20180905,TMIN,222,,,7,0500
USC00116200,20180905,TOBS,233,,,7,0500
USC00116200,20180905,PRCP,0,,,7,0500
USC00116200,20180905,SNOW,0,,,7,
USC00116200,20180905,SNWD,0,,,7,0500
USC00116200,20180906,TMAX,339,,,7,0500
USC00116200,20180906,TMIN,222,,,7,0500
USC00116200,20180906,TOBS,222,,,7,0500
USC00116200,20180906,PRCP,0,T,,7,0500
USC00116200,20180906,SNOW,0,,,7,
USC00116200,20180906,SNWD,0,,,7,0500
USC00116200,20180907,TMAX,228,,,7,0500
USC00116200,20180907,TMIN,167,,,7,0500
USC00116200,20180907,TOBS,167,,,7,0500
USC00116200,20180907,PRCP,76,,,7,0500
USC00116200,20180907,SNOW,0,,,7,
USC00116200,20180907,SNWD,0,,,7,0500
USC00116200,20180908,TMAX,217,,,7,0500
USC00116200,20180908,TMIN,144,,,7,0500
USC00116200,20180908,TOBS,144,,,7,0500
USC00116200,20180908,PRCP,241,,,7,0500
USC00116200,20180908,SNOW,0,,,7,
USC00116200,20180908,SNWD,0,,,7,0500
USC00116200,20180909,TMAX,228,,,7,0500
USC00116200,20180909,TMIN,122,,,7,0500
USC00116200,20180909,TOBS,128,,,7,0500
USC00116200,20180909,PRCP,0,,,7,0500
USC00116200,20180909,SNOW,0,,,7,
USC00116200,20180909,SNWD,0,,,7,0500
USC00116200,20180910,TMAX,233,,,7,0500
USC00116200,20180910,TMIN,100,,,7,0500
USC00116200,20180910,TOBS,100,,,7,0500
USC00116200,20180910,PRCP,0,,,7,0500
USC00116200,20180910,SNOW,0,,,7,
USC00116200,20180910,SNWD,0,,,7,0500
USC00116200,20180911,TMAX,261,,,7,0500
USC00116200,20180911,TMIN,100,,,7,0500
USC00116200,20180911,TOBS,106,,,7,0500
USC00116200,20180911,PRCP,0,,,7,0500
USC00116200,20180911,SNOW,0,,,7,
USC00116200,20180911,SNWD,0,,,7,0500
USC00116200,20180912,TMAX,283,,,7,0500
USC00116200,20180912,TMIN,100,,,7,0500
USC00116200,20180912,TOBS,128,,,7,0500
USC00116200,20180912,PRCP,0,,,7,0500
USC00116200,20180912,SNOW,0,,,7,
USC00116200,20180912,SNWD,0,,,7,0500
USC00116200,20180913,TMAX,289,,,7,0500
USC00116200,20180913,TMIN,128,,,7,0500
USC00116200,20180913,TOBS,128,,,7,0500
USC00116200,20180913,PRCP,0,,,7,0500
USC00116200,20180913,SNOW,0,,,7,
USC00116200,20180913,SNWD,0,,,7,0500
USC00116200,20180914,TMAX,300,,,7,0500
USC00116200,20180914,TMIN,117,,,7,0500
USC00116200,20180914,TOBS,150,,,7,0500
USC00116200,20180914,PRCP,0,,,7,0500
USC00116200,20180914,SNOW,0,,,7,
USC00116200,20180914,SNWD,0,,,7,0500
USC00116200,20180915,TMAX,322,,,7,0500
USC00116200,20180915,TMIN,144,,,7,0500
USC00116200,20180915,TOBS,156,,,7,0500
USC00116200,20180915,PRCP,0,,,7,0500
USC00116200,20180915,SNOW,0,,,7,
USC00116200,20180915,SNWD,0,,,7,0500
USC00116200,20180916,TMAX,311,,,7,0500
USC00116200,20180916,TMIN,150,,,7,0500
USC00116200,20180916,TOBS,150,,,7,0500
USC00116200,20180916,PRCP,0,,,7,0500
USC00116200,20180916,SNOW,0,,,7,
USC00116200,20180916,SNWD,0,,,7,0500
USC00116200,20180917,TMAX,333,,,7,0500
USC00116200,20180917,TMIN,150,,,7,0500
USC00116200,20180917,TOBS,167,,,7,0500
USC00116200,20180917,PRCP,0,,,7,0500
USC00116200,20180917,SNOW,0,,,7,
USC00116200,20180917,SNWD,0,,,7,0500
USC00116200,20180918,TMAX,339,,,7,0500
USC00116200,20180918,TMIN,167,,,7,0500
USC00116200,20180918,TOBS,183,,,7,0500
USC00116200,20180918,PRCP,0,,,7,0500
USC00116200,20180918,SNOW,0,,,7,
USC00116200,20180918,SNWD,0,,,7,0500
USC00116200,20180919,TMAX,339,,,7,0500
USC00116200,20180919,TMIN,183,,,7,0500
USC00116200,20180919,TOBS,183,,,7,0500
USC00116200,20180919,PRCP,0,,,7,0500
USC00116200,20180919,SNOW,0,,,7,
USC00116200,20180919,SNWD,0,,,7,0500
USC00116200,20180920,TMAX,333,,,7,0500
USC00116200,20180920,TMIN,183,,,7,0500
USC00116200,20180920,TOBS,233,,,7,0500
USC00116200,20180920,PRCP,0,,,7,0500
USC00116200,20180920,SNOW,0,,,7,
USC00116200,20180920,SNWD,0,,,7,0500
USC00116200,20180921,TMAX,350,,,7,0500
USC00116200,20180921,TMIN,228,,,7,0500
USC00116200,20180921,TOBS,239,,,7,0500
USC00116200,20180921,PRCP,25,,,7,0500
USC00116200,20180921,SNOW,0,,,7,
USC00116200,20180921,SNWD,0,,,7,0500
USC00116200,20180922,TMAX,256,,,7,0500
USC00116200,20180922,TMIN,89,,,7,0500
USC00116200,20180922,TOBS,89,,,7,0500
USC00116200,20180922,PRCP,0,,,7,0500
USC00116200,20180922,SNOW,0,,,7,
USC00116200,20180922,SNWD,0,,,7,0500
USC00116200,20180923,TMAX,211,,,7,0500
USC00116200,20180923,TMIN,44,,,7,0500
USC00116200,20180923,TOBS,44,,,7,0500
USC00116200,20180923,PRCP,0,,,7,0500
USC00116200,20180923,SNOW,0,,,7,
USC00116200,20180923,SNWD,0,,,7,0500
USC00116200,20180924,TMAX,256,,,7,0500
USC00116200,20180924,TMIN,44,,,7,0500
USC00116200,20180924,TOBS,100,,,7,0500
USC00116200,20180924,PRCP,0,,,7,0500
USC00116200,20180924,SNOW,0,,,7,
USC00116200,20180924,SNWD,0,,,7,0500
USC00116200,20180925,TMAX,256,,,7,0500
USC00116200,20180925,TMIN,100,,,7,0500
USC00116200,20180925,TOBS,217,,,7,0500
USC00116200,20180925,PRCP,41,,,7,0500
USC00116200,20180925,SNOW,0,,,7,
USC00116200,20180925,SNWD,0,,,7,0500
USC00116200,20180926,TMAX,289,,,7,0500
USC00116200,20180926,TMIN,111,,,7,0500
USC00116200,20180926,TOBS,111,,,7,0500
USC00116200,20180926,PRCP,127,,,7,0500
USC00116200,20180926,SNOW,0,,,7,
USC00116200,20180926,SNWD,0,,,7,0500
USC00116200,20180927,TMAX,217,,,7,0500
USC00116200,20180927,TMIN,56,,,7,0500
USC00116200,20180927,TOBS,56,,,7,0500
USC00116200,20180927,PRCP,0,,,7,0500
USC00116200,20180927,SNOW,0,,,7,
USC00116200,20180927,SNWD,0,,,7,0500
USC00116200,20180928,TMAX,217,,,7,0500
USC00116200,20180928,TMIN,56,,,7,0500
USC00116200,20180928,TOBS,122,,,7,0500
USC00116200,20180928,PRCP,0,,,7,0500
USC00116200,20180928,SNOW,0,,,7,
USC00116200,20180928,SNWD,0,,,7,0500
USC00116200,20180929,TMAX,222,,,7,0500
USC00116200,20180929,TMIN,72,,,7,0500
USC00116200,20180929,TOBS,72,,,7,0500
USC00116200,20180929,PRCP,0,,,7,0500
USC00116200,20180929,SNOW,0,,,7,
USC00116200,20180929,SNWD,0,,,7,0500
USC00116200,20180930,TMAX,156,,,7,0500
USC00116200,20180930,TMIN,72,,,7,0500
USC00116200,20180930,TOBS,156,,,7,0500
USC00116200,20180930,PRCP,0,T,,7,0500
USC00116200,20180930,SNOW,0,,,7,
USC00116200,20180930,SNWD,0,,,7,0500
USC00116200,20181001,TMAX,294,,,7,0500
USC00116200,20181001,TMIN,133,,,7,0500
USC00116200,20181001,TOBS,133,,,7,0500
USC00116200,20181001,PRCP,0,,,7,0500
USC00116200,20181001,SNOW,0,,,7,
USC00116200,20181001,SNWD,0,,,7,0500
USC00116200,20181002,TMAX,283,,,7,0500
USC00116200,20181002,TMIN,133,,,7,0500
USC00116200,20181002,TOBS,194,,,7,0500
USC00116200,20181002,PRCP,0,,,7,0500
USC00116200,20181002,SNOW,0,,,7,
USC00116200,20181002,SNWD,0,,,7,0500
USC00116200,20181003,TMAX,222,,,7,0500
USC00116200,20181003,TMIN,183,,,7,0500
USC00116200,20181003,TOBS,211,,,7,0500
USC00116200,20181003,PRCP,0,,,7,0500
USC00116200,20181003,SNOW,0,,,7,
USC00116200,20181003,SNWD,0,,,7,0500
USC00116200,20181004,TMAX,317,,,7,0500
USC00116200,20181004,TMIN,178,,,7,0500
USC00116200,20181004,TOBS,178,,,7,0500
USC00116200,20181004,PRCP,0,,,7,0500
USC00116200,20181004,SNOW,0,,,7,
USC00116200,20181004,SNWD,0,,,7,0500
USC00116200,20181005,TMAX,211,,,7,0500
USC00116200,20181005,TMIN,111,,,7,0500
USC00116200,20181005,TOBS,111,,,7,0500
USC00116200,20181005,PRCP,117,,,7,0500
USC00116200,20181005,SNOW,0,,,7,
USC00116200,20181005,SNWD,0,,,7,0500
USC00116200,20181005,WT03,1,,,7,
USC00116200,20181006,TMAX,250,,,7,0500
USC00116200,20181006,TMIN,111,,,7,0500
USC00116200,20181006,TOBS,228,,,7,0500
USC00116200,20181006,PRCP,198,,,7,0500
USC00116200,20181006,SNOW,0,,,7,
USC00116200,20181006,SNWD,0,,,7,0500
USC00116200,20181006,WT03,1,,,7,
USC00116200,20181007,TMAX,250,,,7,0500
USC00116200,20181007,TMIN,122,,,7,0500
USC00116200,20181007,TOBS,122,,,7,0500
USC00116200,20181007,PRCP,221,,,7,0500
USC00116200,20181007,SNOW,0,,,7,
USC00116200,20181007,SNWD,0,,,7,0500
USC00116200,20181007,WT03,1,,,7,
USC00116200,20181008,TMAX,244,,,7,0500
USC00116200,20181008,TMIN,122,,,7,0500
USC00116200,20181008,TOBS,183,,,7,0500
USC00116200,20181008,PRCP,536,,,7,0500
USC00116200,20181008,SNOW,0,,,7,
USC00116200,20181008,SNWD,0,,,7,0500
USC00116200,20181008,WT03,1,,,7,
USC00116200,20181009,TMAX,289,,,7,0500
USC00116200,20181009,TMIN,178,,,7,0500
USC00116200,20181009,TOBS,206,,,7,0500
USC00116200,20181009,PRCP,0,,,7,0500
USC00116200,20181009,SNOW,0,,,7,
USC00116200,20181009,SNWD,0,,,7,0500
USC00116200,20181010,TMAX,294,,,7,0500
USC00116200,20181010,TMIN,194,,,7,0500
USC00116200,20181010,TOBS,211,,,7,0500
USC00116200,20181010,PRCP,0,,,7,0500
USC00116200,20181010,SNOW,0,,,7,
USC00116200,20181010,SNWD,0,,,7,0500
USC00116200,20181011,TMAX,228,,,7,0500
USC00116200,20181011,TMIN,67,,,7,0500
USC00116200,20181011,TOBS,67,,,7,0500
USC00116200,20181011,PRCP,135,,,7,0500
USC00116200,20181011,SNOW,0,,,7,
USC00116200,20181011,SNWD,0,,,7,0500
USC00116200,20181011,WT03,1,,,7,
USC00116200,20181012,TMAX,128,,,7,0500
USC00116200,20181012,TMIN,0,,,7,0500
USC00116200,20181012,TOBS,0,,,7,0500
USC00116200,20181012,PRCP,0,,,7,0500
USC00116200,20181012,SNOW,0,,,7,
USC00116200,20181012,SNWD,0,,,7,0500
USC00116200,20181013,TMAX,44,,,7,0500
USC00116200,20181013,TMIN,0,,,7,0500
USC00116200,20181013,TOBS,33,,,7,0500
USC00116200,20181013,PRCP,58,,,7,0500
USC00116200,20181013,SNOW,0,T,,7,
USC00116200,20181013,SNWD,0,,,7,0500
USC00116200,20181014,TMAX,111,,,7,0500
USC00116200,20181014,TMIN,22,,,7,0500
USC00116200,20181014,TOBS,39,,,7,0500
USC00116200,20181014,PRCP,0,,,7,0500
USC00116200,20181014,SNOW,0,,,7,
USC00116200,20181014,SNWD,0,,,7,0500
USC00116200,20181015,TMAX,144,,,7,0500
USC00116200,20181015,TMIN,28,,,7,0500
USC00116200,20181015,TOBS,39,,,7,0500
USC00116200,20181015,PRCP,30,,,7,0500
USC00116200,20181015,SNOW,0,,,7,
USC00116200,20181015,SNWD,0,,,7,0500
USC00116200,20181016,TMAX,100,,,7,0500
USC00116200,20181016,TMIN,0,,,7,0500
USC00116200,20181016,TOBS,0,,,7,0500
USC00116200,20181016,PRCP,0,,,7,0500
USC00116200,20181016,SNOW,0,,,7,
USC00116200,20181016,SNWD,0,,,7,0500
USC00116200,20181017,TMAX,144,,,7,0500
USC00116200,20181017,TMIN,0,,,7,0500
USC00116200,20181017,TOBS,67,,,7,0500
USC00116200,20181017,PRCP,0,,,7,0500
USC00116200,20181017,SNOW,0,,,7,
USC00116200,20181017,SNWD,0,,,7,0500
USC00116200,20181018,TMAX,122,,,7,0500
USC00116200,20181018,TMIN,-17,,,7,0500
USC00116200,20181018,TOBS,-17,,,7,0500
USC00116200,20181018,PRCP,0,,,7,0500
USC00116200,20181018,SNOW,0,,,7,
USC00116200,20181018,SNWD,0,,,7,0500
USC00116200,20181019,TMAX,161,,,7,0500
USC00116200,20181019,TMIN,-17,,,7,0500
USC00116200,20181019,TOBS,72,,,7,0500
USC00116200,20181019,PRCP,0,,,7,0500
USC00116200,20181019,SNOW,0,,,7,
USC00116200,20181019,SNWD,0,,,7,0500
USC00116200,20181020,TMAX,139,,,7,0500
USC00116200,20181020,TMIN,56,,,7,0500
USC00116200,20181020,TOBS,56,,,7,0500
USC00116200,20181020,PRCP,0,T,,7,0500
USC00116200,20181020,SNOW,0,,,7,
USC00116200,20181020,SNWD,0,,,7,0500
USC00116200,20181021,TMAX,133,,,7,0500
USC00116200,20181021,TMIN,-44,,,7,0500
USC00116200,20181021,TOBS,-44,,,7,0500
USC00116200,20181021,PRCP,0,,,7,0500
USC00116200,20181021,SNOW,0,,,7,
USC00116200,20181021,SNWD,0,,,7,0500
USC00116200,20181022,TMAX,128,,,7,0500
USC00116200,20181022,TMIN,-61,,,7,0500
USC00116200,20181022,TOBS,56,,,7,0500
USC00116200,20181022,PRCP,0,,,7,0500
USC00116200,20181022,SNOW,0,,,7,
USC00116200,20181022,SNWD,0,,,7,0500
USC00116200,20181023,TMAX,189,,,7,0500
USC00116200,20181023,TMIN,56,,,7,0500
USC00116200,20181023,TOBS,56,,,7,0500
USC00116200,20181023,PRCP,0,,,7,0500
USC00116200,20181023,SNOW,0,,,7,
USC00116200,20181023,SNWD,0,,,7,0500
USC00116200,20181024,TMAX,133,,,7,0500
USC00116200,20181024,TMIN,-28,,,7,0500
USC00116200,20181024,TOBS,-28,,,7,0500
USC00116200,20181024,PRCP,0,,,7,0500
USC00116200,20181024,SNOW,0,,,7,
USC00116200,20181024,SNWD,0,,,7,0500
USC00116200,20181025,TMAX,128,,,7,0500
USC00116200,20181025,TMIN,-28,,,7,0500
USC00116200,20181025,TOBS,22,,,7,0500
USC00116200,20181025,PRCP,0,,,7,0500
USC00116200,20181025,SNOW,0,,,7,
USC00116200,20181025,SNWD,0,,,7,0500
USC00116200,20181026,TMAX,144,,,7,0500
USC00116200,20181026,TMIN,11,,,7,0500
USC00116200,20181026,TOBS,78,,,7,0500
USC00116200,20181026,PRCP,25,,,7,0500
USC00116200,20181026,SNOW,0,,,7,
USC00116200,20181026,SNWD,0,,,7,0500
USC00116200,20181027,TMAX,89,,,7,0500
USC00116200,20181027,TMIN,11,,,7,0500
USC00116200,20181027,TOBS,11,,,7,0500
USC00116200,20181027,PRCP,76,,,7,0500
USC00116200,20181027,SNOW,0,,,7,
USC00116200,20181027,SNWD,0,,,7,0500
USC00116200,20181028,TMAX,144,,,7,0500
USC00116200,20181028,TMIN,11,,,7,0500
USC00116200,20181028,TOBS,89,,,7,0500
USC00116200,20181028,PRCP,13,,,7,0500
USC00116200,20181028,SNOW,0,,,7,
USC00116200,20181028,SNWD,0,,,7,0500
USC00116200,20181029,TMAX,139,,,7,0500
USC00116200,20181029,TMIN,33,,,7,0500
USC00116200,20181029,TOBS,33,,,7,0500
USC00116200,20181029,PRCP,0,,,7,0500
USC00116200,20181029,SNOW,0,,,7,
USC00116200,20181029,SNWD,0,,,7,0500
USC00116200,20181030,TMAX,172,,,7,0500
USC00116200,20181030,TMIN,11,,,7,0500
USC00116200,20181030,TOBS,100,,,7,0500
USC00116200,20181030,PRCP,0,,,7,0500
USC00116200,20181030,SNOW,0,,,7,
USC00116200,20181030,SNWD,0,,,7,0500
USC00116200,20181031,TMAX,228,,,7,0500
USC00116200,20181031,TMIN,89,,,7,0500
USC00116200,20181031,TOBS,89,,,7,0500
USC00116200,20181031,PRCP,330,,,7,0500
USC00116200,20181031,SNOW,0,,,7,
USC00116200,20181031,SNWD,0,,,7,0500
USC00116200,20181031,WT03,1,,,7,
USC00116200,20181101,TMAX,139,,,H,0500
USC00116200,20181101,TMIN,78,,,H,0500
USC00116200,20181101,TOBS,78,,,H,0500
USC00116200,20181101,PRCP,0,,,H,0500
USC00116200,20181101,SNOW,0,,,H,
USC00116200,20181101,SNWD,0,,,H,0500
USC00116200,20181102,TMAX,89,,,H,0500
USC00116200,20181102,TMIN,0,,,H,0500
USC00116200,20181102,TOBS,0,,,H,0500
USC00116200,20181102,PRCP,13,,,H,0500
USC00116200,20181102,SNOW,0,,,H,
USC00116200,20181102,SNWD,0,,,H,0500
USC00116200,20181103,TMAX,111,,,H,0500
USC00116200,20181103,TMIN,0,,,H,0500
USC00116200,20181103,TOBS,22,,,H,0500
USC00116200,20181103,PRCP,0,,,H,0500
USC00116200,20181103,SNOW,0,,,H,
USC00116200,20181103,SNWD,0,,,H,0500
USC00116200,20181104,TMAX,128,,,H,0500
USC00116200,20181104,TMIN,22,,,H,0500
USC00116200,20181104,TOBS,89,,,H,0500
USC00116200,20181104,PRCP,13,,,H,0500
USC00116200,20181104,SNOW,0,,,H,
USC00116200,20181104,SNWD,0,,,H,0500
USC00116200,20181105,TMAX,128,,,H,0500
USC00116200,20181105,TMIN,61,,,H,0500
USC00116200,20181105,TOBS,61,,,H,0500
USC00116200,20181105,PRCP,76,,,H,0500
USC00116200,20181105,SNOW,0,,,H,
USC00116200,20181105,SNWD,0,,,H,0500
USC00116200,20181106,TMAX,117,,,H,0500
USC00116200,20181106,TMIN,61,,,H,0500
USC00116200,20181106,TOBS,78,,,H,0500
USC00116200,20181106,PRCP,51,,,H,0500
USC00116200,20181106,SNOW,0,,,H,
USC00116200,20181106,SNWD,0,,,H,0500
USC00116200,20181107,TMAX,111,,,H,0500
USC00116200,20181107,TMIN,-6,,,H,0500
USC00116200,20181107,TOBS,-6,,,H,0500
USC00116200,20181107,PRCP,0,,,H,0500
USC00116200,20181107,SNOW,0,,,H,
USC00116200,20181107,SNWD,0,,,H,0500
USC00116200,20181108,TMAX,61,,,H,0500
USC00116200,20181108,TMIN,-17,,,H,0500
USC00116200,20181108,TOBS,-11,,,H,0500
USC00116200,20181108,PRCP,0,,,H,0500
USC00116200,20181108,SNOW,0,,,H,
USC00116200,20181108,SNWD,0,,,H,0500
USC00116200,20181109,TMAX,50,,,H,0500
USC00116200,20181109,TMIN,-11,,,H,0500
USC00116200,20181109,TOBS,-11,,,H,0500
USC00116200,20181109,PRCP,25,,,H,0500
USC00116200,20181109,SNOW,38,,,H,
USC00116200,20181109,SNWD,25,,,H,0500
USC00116200,20181110,TMAX,11,,,H,0500
USC00116200,20181110,TMIN,-94,,,H,0500
USC00116200,20181110,TOBS,-94,,,H,0500
USC00116200,20181110,PRCP,0,,,H,0500
USC00116200,20181110,SNOW,0,,,H,
USC00116200,20181110,SNWD,0,,,H,0500
USC00116200,20181111,TMAX,28,,,H,0500
USC00116200,20181111,TMIN,-94,,,H,0500
USC00116200,20181111,TOBS,-44,,,H,0500
USC00116200,20181111,PRCP,0,,,H,0500
USC00116200,20181111,SNOW,0,,,H,
USC00116200,20181111,SNWD,0,,,H,0500
USC00116200,20181112,TMAX,78,,,H,0500
USC00116200,20181112,TMIN,-44,,,H,0500
USC00116200,20181112,TOBS,0,,,H,0500
USC00116200,20181112,PRCP,0,,,H,0500
USC00116200,20181112,SNOW,0,,,H,
USC00116200,20181112,SNWD,0,,,H,0500
USC00116200,20181113,TMAX,11,,,H,0500
USC00116200,20181113,TMIN,-67,,,H,0500
USC00116200,20181113,TOBS,-56,,,H,0500
USC00116200,20181113,PRCP,5,,,H,0500
USC00116200,20181113,SNOW,8,,,H,
USC00116200,20181113,SNWD,0,,,H,0500
USC00116200,20181114,TMAX,-11,,,H,0500
USC00116200,20181114,TMIN,-111,,,H,0500
USC00116200,20181114,TOBS,-111,,,H,0500
USC00116200,20181114,PRCP,0,,,H,0500
USC00116200,20181114,SNOW,0,,,H,
USC00116200,20181114,SNWD,0,,,H,0500
USC00116200,20181115,TMAX,28,,,H,0500
USC00116200,20181115,TMIN,-111,,,H,0500
USC00116200,20181115,TOBS,-56,,,H,0500
USC00116200,20181115,PRCP,64,,,H,0500
USC00116200,20181115,SNOW,76,,,H,
USC00116200,20181115,SNWD,76,,,H,0500
USC00116200,20181116,TMAX,6,,,H,0500
USC00116200,20181116,TMIN,-56,,,H,0500
USC00116200,20181116,TOBS,-22,,,H,0500
USC00116200,20181116,PRCP,38,,,H,0500
USC00116200,20181116,SNOW,25,,,H,
USC00116200,20181116,SNWD,76,,,H,0500
USC00116200,20181117,TMAX,33,,,H,0500
USC00116200,20181117,TMIN,-44,,,H,0500
USC00116200,20181117,TOBS,-11,,,H,0500
USC00116200,20181117,PRCP,0,,,H,0500
USC00116200,20181117,SNOW,0,,,H,
USC00116200,20181117,SNWD,25,,,H,0500
USC00116200,20181118,TMAX,33,,,H,0500
USC00116200,20181118,TMIN,-11,,,H,0500
USC00116200,20181118,TOBS,-11,,,H,0500
USC00116200,20181118,PRCP,64,,,H,0500
USC00116200,20181118,SNOW,5,,,H,
USC00116200,20181118,SNWD,0,,,H,0500
USC00116200,20181119,TMAX,6,,,H,0500
USC00116200,20181119,TMIN,-22,,,H,0500
USC00116200,20181119,TOBS,-22,,,H,0500
USC00116200,20181119,PRCP,0,,,H,0500
USC00116200,20181119,SNOW,0,,,H,
USC00116200,20181119,SNWD,0,,,H,0500
USC00116200,20181120,TMAX,44,,,H,0500
USC00116200,20181120,TMIN,-28,,,H,0500
USC00116200,20181120,TOBS,-28,,,H,0500
USC00116200,20181120,PRCP,0,,,H,0500
USC00116200,20181120,SNOW,0,,,H,
USC00116200,20181120,SNWD,0,,,H,0500
USC00116200,20181121,TMAX,44,,,H,0500
USC00116200,20181121,TMIN,-44,,,H,0500
USC00116200,20181121,TOBS,-44,,,H,0500
USC00116200,20181121,PRCP,0,,,H,0500
USC00116200,20181121,SNOW,0,,,H,
USC00116200,20181121,SNWD,0,,,H,0500
USC00116200,20181122,TMAX,61,,,H,0500
USC00116200,20181122,TMIN,-44,,,H,0500
USC00116200,20181122,TOBS,-44,,,H,0500
USC00116200,20181122,PRCP,0,,,H,0500
USC00116200,20181122,SNOW,0,,,H,
USC00116200,20181122,SNWD,0,,,H,0500
USC00116200,20181124,TMAX,100,,,H,0500
USC00116200,20181124,TMIN,11,,,H,0500
USC00116200,20181124,TOBS,72,,,H,0500
USC00116200,20181124,PRCP,132,,,H,0500
USC00116200,20181124,SNOW,0,,,H,
USC00116200,20181124,SNWD,0,,,H,0500
USC00116200,20181125,TMAX,128,,,H,0500
USC00116200,20181125,TMIN,11,,,H,0500
USC00116200,20181125,TOBS,11,,,H,0500
USC00116200,20181125,PRCP,0,,,H,0500
USC00116200,20181125,SNOW,0,,,H,
USC00116200,20181125,SNWD,0,,,H,0500
USC00116200,20181126,TMAX,44,,,H,0500
USC00116200,20181126,TMIN,-39,,,H,0500
USC00116200,20181126,TOBS,-39,,,H,0500
USC00116200,20181126,PRCP,99,,,H,0500
USC00116200,20181126,SNOW,38,,,H,
USC00116200,20181126,SNWD,25,,,H,0500
USC00116200,20181127,TMAX,-22,,,H,0500
USC00116200,20181127,TMIN,-83,,,H,0500
USC00116200,20181127,TOBS,-83,,,H,0500
USC00116200,20181127,PRCP,0,,,H,0500
USC00116200,20181127,SNOW,5,,,H,
USC00116200,20181127,SNWD,25,,,H,0500
